sale_id,branch,city,customer_type,gender,product_name,product_category,unit_price,quantity,tax,total_price,reward_points
1,A,"New York",Member,Male,Shampoo,"Personal Care",5.50,3,1.16,17.66,1
2,B,"Los Angeles",Normal,Female,Notebook,Stationery,2.75,10,1.93,29.43,0
3,A,"New York",Member,Female,Apple,Fruits,1.20,15,1.26,19.26,1
4,A,Chicago,Normal,Male,Detergent,Household,7.80,5,2.73,41.73,0
5,B,"Los Angeles",Member,Female,"Orange Juice",Beverages,3.50,7,1.72,26.22,2
6,A,Chicago,Normal,Male,Shampoo,Stationery,11.24,9,7.08,108.24,0
7,A,Chicago,Normal,Male,Shampoo,"Personal Care",10.71,1,0.75,11.46,0
8,B,"Los Angeles",Normal,Female,Shampoo,Household,18.23,9,11.48,175.55,0
9,A,Chicago,Member,Female,Apple,Fruits,14.15,20,19.81,302.81,30
10,B,"Los Angeles",Member,Male,Shampoo,Fruits,18.42,19,24.50,374.48,37
11,A,Chicago,Normal,Male,Detergent,Beverages,9.32,7,4.57,69.81,0
12,B,"Los Angeles",Member,Male,"Orange Juice",Household,6.89,12,5.79,88.47,8
13,A,"New York",Normal,Female,"Orange Juice",Household,3.29,4,0.92,14.08,0
14,B,"Los Angeles",Member,Female,Apple,Fruits,8.81,5,3.08,47.13,4
15,B,"Los Angeles",Normal,Female,Apple,Beverages,19.48,3,4.09,62.53,0
16,B,"Los Angeles",Normal,Male,Notebook,Stationery,5.55,8,3.11,47.51,0
17,B,"Los Angeles",Member,Female,Apple,"Personal Care",2.13,2,0.30,4.56,0
18,B,"Los Angeles",Normal,Male,Notebook,Fruits,13.26,15,13.92,212.82,0
19,A,"New York",Member,Male,Apple,Beverages,19.59,2,2.74,41.92,4
20,A,Chicago,Normal,Male,Detergent,"Personal Care",6.98,8,3.91,59.75,0
21,B,"Los Angeles",Normal,Female,Shampoo,"Personal Care",4.36,11,3.36,51.32,0
22,B,"Los Angeles",Normal,Male,"Orange Juice",Beverages,6.80,1,0.48,7.28,0
23,A,"New York",Member,Female,Shampoo,Beverages,1.95,16,2.18,33.38,3
24,A,Chicago,Normal,Male,Apple,Fruits,19.05,2,2.67,40.77,0
25,B,"Los Angeles",Member,Male,Detergent,Beverages,11.33,18,14.28,218.22,21
26,B,"Los Angeles",Normal,Male,Notebook,Fruits,13.94,16,15.61,238.65,0
27,A,"New York",Member,Male,Detergent,Household,9.55,2,1.34,20.44,2
28,A,"New York",Member,Female,Detergent,"Personal Care",16.46,17,19.59,299.41,29
29,B,"Los Angeles",Member,Female,Shampoo,Stationery,12.30,17,14.64,223.74,22
30,A,Chicago,Member,Male,"Orange Juice","Personal Care",12.37,15,12.99,198.54,19
31,A,Chicago,Member,Male,Shampoo,Fruits,3.70,3,0.78,11.88,1
32,A,"New York",Member,Female,"Orange Juice",Stationery,5.39,3,1.13,17.30,1
33,B,"Los Angeles",Normal,Male,Notebook,Stationery,6.94,17,8.26,126.24,0
34,B,"Los Angeles",Normal,Male,"Orange Juice",Household,8.13,9,5.12,78.29,0
35,A,"New York",Member,Male,Apple,"Personal Care",13.42,2,1.88,28.72,2
36,A,"New York",Member,Male,Detergent,"Personal Care",13.14,15,13.80,210.90,21
37,B,"Los Angeles",Member,Male,Shampoo,Fruits,11.14,16,12.48,190.72,19
38,B,"Los Angeles",Member,Female,Notebook,Beverages,5.42,14,5.31,81.19,8
39,A,"New York",Member,Female,Notebook,Beverages,15.34,15,16.11,246.21,24
40,A,"New York",Normal,Female,Apple,Fruits,1.17,11,0.90,13.77,0
41,A,"New York",Member,Female,Notebook,Household,10.80,10,7.56,115.56,11
42,A,"New York",Normal,Male,Apple,Household,10.98,12,9.22,140.98,0
43,A,"New York",Normal,Female,Notebook,Fruits,4.17,2,0.58,8.92,0
44,A,Chicago,Member,Male,Detergent,Fruits,20.13,2,2.82,43.08,4
45,B,"Los Angeles",Member,Female,Shampoo,Household,15.73,8,8.81,134.65,13
46,A,"New York",Member,Male,Shampoo,Fruits,15.95,8,8.93,136.53,13
47,A,"New York",Normal,Male,Shampoo,Stationery,1.28,8,0.72,10.96,0
48,B,"Los Angeles",Normal,Female,Detergent,"Personal Care",9.98,20,13.97,213.57,0
49,B,"Los Angeles",Normal,Female,Detergent,Fruits,6.31,2,0.88,13.50,0
50,A,Chicago,Normal,Female,Apple,Stationery,16.50,19,21.95,335.45,0
51,A,Chicago,Normal,Male,Detergent,Stationery,17.02,19,22.64,346.02,0
52,A,Chicago,Member,Male,"Orange Juice",Fruits,11.16,5,3.91,59.71,5
53,B,"Los Angeles",Normal,Female,"Orange Juice",Fruits,19.06,1,1.33,20.39,0
54,A,"New York",Normal,Female,"Orange Juice",Fruits,4.68,14,4.59,70.11,0
55,B,"Los Angeles",Member,Male,Notebook,Household,15.57,13,14.17,216.58,21
56,A,Chicago,Member,Male,Shampoo,"Personal Care",19.86,10,13.90,212.50,21
57,A,Chicago,Member,Female,"Orange Juice",Beverages,20.41,19,27.15,414.94,41
58,A,Chicago,Normal,Male,Notebook,Fruits,19.96,20,27.94,427.14,0
59,A,Chicago,Member,Male,Detergent,Stationery,15.48,20,21.67,331.27,33
60,A,Chicago,Member,Male,Notebook,Stationery,13.99,4,3.92,59.88,5
61,A,"New York",Member,Male,Detergent,Household,9.39,2,1.31,20.09,2
62,A,Chicago,Member,Male,"Orange Juice",Beverages,19.19,14,18.81,287.47,28
63,A,"New York",Member,Male,Notebook,Stationery,12.73,19,16.93,258.80,25
64,A,Chicago,Member,Female,Detergent,Household,11.33,10,7.93,121.23,12
65,A,"New York",Normal,Male,"Orange Juice",Household,8.78,12,7.38,112.74,0
66,A,"New York",Member,Male,Notebook,"Personal Care",10.25,2,1.44,21.94,2
67,B,"Los Angeles",Member,Male,Notebook,Stationery,10.47,8,5.86,89.62,8
68,A,"New York",Normal,Female,Detergent,Fruits,6.75,1,0.47,7.22,0
69,A,Chicago,Member,Male,Apple,"Personal Care",1.17,16,1.31,20.03,2
70,B,"Los Angeles",Normal,Female,Shampoo,Stationery,2.77,14,2.71,41.49,0
71,A,Chicago,Normal,Male,"Orange Juice",Stationery,12.83,2,1.80,27.46,0
72,A,"New York",Normal,Female,Apple,Fruits,14.21,11,10.94,167.25,0
73,A,Chicago,Normal,Male,Detergent,Fruits,7.27,20,10.18,155.58,0
74,A,"New York",Normal,Female,Shampoo,Stationery,20.27,2,2.84,43.38,0
75,A,"New York",Normal,Male,"Orange Juice",Fruits,8.62,11,6.64,101.46,0
76,A,"New York",Normal,Male,Shampoo,"Personal Care",19.14,8,10.72,163.84,0
77,B,"Los Angeles",Normal,Female,"Orange Juice",Stationery,10.16,10,7.11,108.71,0
78,A,Chicago,Normal,Male,Apple,Beverages,6.73,20,9.42,144.02,0
79,B,"Los Angeles",Normal,Female,Notebook,Beverages,14.18,11,10.92,166.90,0
80,A,"New York",Member,Male,Notebook,Stationery,16.60,16,18.59,284.19,28
81,A,Chicago,Normal,Female,"Orange Juice",Household,13.36,20,18.70,285.90,0
82,A,Chicago,Member,Male,"Orange Juice",Fruits,14.04,15,14.74,225.34,22
83,B,"Los Angeles",Normal,Male,"Orange Juice",Household,13.89,8,7.78,118.90,0
84,A,"New York",Member,Female,Notebook,Beverages,17.56,10,12.29,187.89,18
85,A,Chicago,Normal,Female,Detergent,Household,3.79,13,3.45,52.72,0
86,B,"Los Angeles",Normal,Male,"Orange Juice",Beverages,5.00,10,3.50,53.50,0
87,A,Chicago,Member,Female,Shampoo,Fruits,2.74,2,0.38,5.86,0
88,A,"New York",Normal,Female,"Orange Juice",Stationery,13.87,8,7.77,118.73,0
89,A,Chicago,Normal,Male,Detergent,Beverages,19.61,2,2.75,41.97,0
90,B,"Los Angeles",Normal,Male,Notebook,Household,10.71,10,7.50,114.60,0
91,A,Chicago,Member,Female,"Orange Juice",Household,18.57,3,3.90,59.61,5
92,B,"Los Angeles",Member,Male,Notebook,"Personal Care",19.10,2,2.67,40.87,4
93,A,"New York",Member,Female,Apple,Stationery,10.03,12,8.43,128.79,12
94,B,"Los Angeles",Member,Female,"Orange Juice",Fruits,5.65,9,3.56,54.41,5
95,B,"Los Angeles",Normal,Female,Shampoo,Stationery,18.04,9,11.37,173.73,0
96,A,"New York",Member,Male,Apple,Beverages,6.90,1,0.48,7.38,0
97,B,"Los Angeles",Member,Male,"Orange Juice",Beverages,18.78,17,22.35,341.61,34
98,B,"Los Angeles",Normal,Male,Notebook,"Personal Care",15.55,3,3.27,49.92,0
99,A,"New York",Normal,Male,Detergent,Fruits,15.25,17,18.15,277.40,0
100,A,Chicago,Member,Male,Notebook,Beverages,10.62,18,13.38,204.54,20
101,B,"Los Angeles",Member,Male,"Orange Juice",Household,4.24,20,5.94,90.74,9
102,A,"New York",Normal,Female,Notebook,Beverages,16.69,4,4.67,71.43,0
103,A,"New York",Normal,Male,"Orange Juice","Personal Care",8.89,9,5.60,85.61,0
104,A,"New York",Normal,Male,Shampoo,Beverages,18.24,18,22.98,351.30,0
105,B,"Los Angeles",Member,Female,"Orange Juice",Beverages,6.23,18,7.85,119.99,11
106,A,Chicago,Normal,Male,Apple,Household,1.02,2,0.14,2.18,0
107,A,"New York",Member,Female,Detergent,"Personal Care",4.50,6,1.89,28.89,2
108,B,"Los Angeles",Normal,Male,Detergent,Stationery,7.31,15,7.68,117.33,0
109,B,"Los Angeles",Normal,Male,"Orange Juice",Fruits,16.90,9,10.65,162.75,0
110,A,"New York",Member,Female,Detergent,Beverages,5.91,13,5.38,82.21,8
111,A,Chicago,Member,Female,Apple,Household,14.97,9,9.43,144.16,14
112,A,"New York",Member,Male,Apple,Beverages,10.04,9,6.33,96.69,9
113,A,Chicago,Member,Male,Apple,Beverages,20.89,3,4.39,67.06,6
114,A,Chicago,Member,Female,Detergent,Fruits,9.38,15,9.85,150.55,15
115,A,"New York",Normal,Male,"Orange Juice","Personal Care",4.77,11,3.67,56.14,0
116,A,"New York",Normal,Female,Apple,"Personal Care",7.01,19,9.32,142.51,0
117,A,Chicago,Member,Male,Shampoo,Stationery,12.65,18,15.94,243.64,24
118,B,"Los Angeles",Member,Female,Detergent,Fruits,5.42,16,6.07,92.79,9
119,A,Chicago,Normal,Female,Apple,Stationery,17.61,7,8.63,131.90,0
120,A,"New York",Normal,Male,"Orange Juice",Beverages,4.64,9,2.92,44.68,0
121,B,"Los Angeles",Member,Female,Notebook,"Personal Care",1.68,4,0.47,7.19,0
122,A,"New York",Normal,Female,Detergent,Household,3.20,12,2.69,41.09,0
123,A,Chicago,Normal,Male,Shampoo,"Personal Care",3.33,11,2.56,39.19,0
124,A,"New York",Member,Female,Detergent,Household,14.91,4,4.17,63.81,6
125,A,"New York",Member,Male,Shampoo,Household,6.84,6,2.87,43.91,4
126,A,"New York",Member,Female,Detergent,Fruits,20.37,10,14.26,217.96,21
127,A,"New York",Normal,Male,Apple,Beverages,1.09,10,0.76,11.66,0
128,A,Chicago,Member,Female,Notebook,Fruits,2.78,5,0.97,14.87,1
129,A,Chicago,Member,Female,Shampoo,Beverages,15.52,4,4.35,66.43,6
130,B,"Los Angeles",Member,Female,Shampoo,Household,13.18,16,14.76,225.64,22
131,A,"New York",Normal,Male,Shampoo,"Personal Care",6.17,19,8.21,125.44,0
132,A,Chicago,Normal,Male,"Orange Juice",Household,12.01,17,14.29,218.46,0
133,A,Chicago,Normal,Male,Apple,Fruits,17.25,14,16.91,258.41,0
134,A,"New York",Member,Female,Apple,Beverages,17.25,11,13.28,203.03,20
135,A,"New York",Member,Female,Notebook,Beverages,20.58,19,27.37,418.39,41
136,B,"Los Angeles",Normal,Female,Apple,Beverages,4.91,1,0.34,5.25,0
137,B,"Los Angeles",Member,Female,Apple,Household,18.05,2,2.53,38.63,3
138,B,"Los Angeles",Member,Male,Notebook,Household,4.66,18,5.87,89.75,8
139,A,Chicago,Member,Male,Shampoo,Fruits,4.89,14,4.79,73.25,7
140,B,"Los Angeles",Member,Female,"Orange Juice","Personal Care",9.71,13,8.84,135.07,13
141,A,Chicago,Normal,Female,Notebook,Fruits,3.44,6,1.44,22.08,0
142,A,"New York",Member,Female,Notebook,Household,14.58,7,7.14,109.20,10
143,A,"New York",Member,Male,Shampoo,"Personal Care",16.69,7,8.18,125.01,12
144,A,Chicago,Member,Male,Shampoo,Beverages,9.72,16,10.89,166.41,16
145,B,"Los Angeles",Normal,Male,Shampoo,Fruits,15.96,2,2.23,34.15,0
146,A,"New York",Member,Male,Apple,Stationery,11.42,20,15.99,244.39,24
147,A,"New York",Normal,Male,Notebook,Beverages,5.01,12,4.21,64.33,0
148,A,Chicago,Member,Male,Notebook,Household,2.27,9,1.43,21.86,2
149,A,"New York",Member,Female,Shampoo,"Personal Care",13.07,19,17.38,265.71,26
150,A,"New York",Normal,Female,Notebook,Beverages,5.83,14,5.71,87.33,0
151,A,Chicago,Normal,Male,Shampoo,Household,20.06,14,19.66,300.50,0
152,A,Chicago,Normal,Male,"Orange Juice",Household,19.89,10,13.92,212.82,0
153,A,Chicago,Normal,Male,Notebook,"Personal Care",5.56,19,7.39,113.03,0
154,B,"Los Angeles",Normal,Male,Detergent,Stationery,17.21,1,1.20,18.41,0
155,A,Chicago,Member,Male,Apple,Stationery,11.38,11,8.76,133.94,13
156,A,Chicago,Member,Male,"Orange Juice",Stationery,5.33,20,7.46,114.06,11
157,A,"New York",Normal,Female,Shampoo,Beverages,18.79,20,26.31,402.11,0
158,A,"New York",Normal,Male,Shampoo,Fruits,19.04,1,1.33,20.37,0
159,A,"New York",Normal,Female,Notebook,Household,19.82,11,15.26,233.28,0
160,A,Chicago,Member,Female,"Orange Juice",Household,9.31,2,1.30,19.92,1
161,A,Chicago,Member,Male,"Orange Juice",Stationery,20.91,19,27.81,425.10,42
162,A,"New York",Member,Female,Shampoo,Fruits,15.06,4,4.22,64.46,6
163,B,"Los Angeles",Normal,Male,"Orange Juice",Fruits,17.61,11,13.56,207.27,0
164,B,"Los Angeles",Normal,Male,Notebook,"Personal Care",20.76,8,11.63,177.71,0
165,A,Chicago,Member,Female,Detergent,Stationery,11.92,18,15.02,229.58,22
166,B,"Los Angeles",Normal,Male,Detergent,"Personal Care",14.17,18,17.85,272.91,0
167,B,"Los Angeles",Normal,Male,Apple,Stationery,6.56,10,4.59,70.19,0
168,A,Chicago,Member,Male,Detergent,Beverages,9.63,12,8.09,123.65,12
169,A,"New York",Member,Male,"Orange Juice",Household,17.99,4,5.04,77.00,7
170,B,"Los Angeles",Normal,Female,Detergent,Fruits,5.36,12,4.50,68.82,0
171,A,"New York",Member,Female,"Orange Juice",Fruits,11.53,5,4.04,61.69,6
172,B,"Los Angeles",Normal,Female,Shampoo,Fruits,14.82,15,15.56,237.86,0
173,A,"New York",Member,Female,Apple,Fruits,14.83,20,20.76,317.36,31
174,B,"Los Angeles",Member,Male,Shampoo,Stationery,5.09,3,1.07,16.34,1
175,A,"New York",Normal,Male,Detergent,Household,17.32,15,18.19,277.99,0
176,B,"Los Angeles",Member,Female,Shampoo,Fruits,14.31,1,1.00,15.31,1
177,B,"Los Angeles",Member,Male,"Orange Juice",Fruits,1.21,10,0.85,12.95,1
178,A,Chicago,Member,Male,Notebook,"Personal Care",11.85,10,8.30,126.80,12
179,A,"New York",Member,Male,Notebook,Fruits,4.60,3,0.97,14.77,1
180,B,"Los Angeles",Member,Female,"Orange Juice",Household,6.78,4,1.90,29.02,2
181,B,"Los Angeles",Member,Female,Notebook,Fruits,15.13,17,18.00,275.21,27
182,A,"New York",Normal,Female,Detergent,Stationery,3.14,8,1.76,26.88,0
183,A,Chicago,Normal,Female,Notebook,Stationery,4.37,15,4.59,70.14,0
184,A,"New York",Member,Female,Shampoo,Fruits,18.70,14,18.33,280.13,28
185,A,Chicago,Member,Female,Notebook,Beverages,19.12,16,21.41,327.33,32
186,B,"Los Angeles",Member,Female,Notebook,Beverages,11.99,3,2.52,38.49,3
187,A,"New York",Member,Male,Notebook,Fruits,9.72,15,10.21,156.01,15
188,A,Chicago,Normal,Male,Notebook,Household,5.72,5,2.00,30.60,0
189,A,Chicago,Member,Male,Shampoo,Household,14.87,3,3.12,47.73,4
190,B,"Los Angeles",Member,Female,Shampoo,Fruits,9.66,11,7.44,113.70,11
191,A,"New York",Member,Male,"Orange Juice",Stationery,3.57,13,3.25,49.66,4
192,A,"New York",Member,Female,Detergent,Stationery,5.50,10,3.85,58.85,5
193,B,"Los Angeles",Normal,Male,Apple,Household,2.45,3,0.51,7.86,0
194,A,Chicago,Member,Female,Shampoo,Beverages,9.57,4,2.68,40.96,4
195,B,"Los Angeles",Member,Male,Notebook,Household,2.61,4,0.73,11.17,1
196,A,"New York",Normal,Female,Apple,Fruits,8.98,6,3.77,57.65,0
197,A,"New York",Member,Female,Notebook,Stationery,19.49,15,20.46,312.81,31
198,A,Chicago,Member,Male,"Orange Juice","Personal Care",6.80,18,8.57,130.97,13
199,B,"Los Angeles",Member,Male,Notebook,Fruits,9.84,16,11.02,168.46,16
200,A,Chicago,Normal,Female,Apple,Fruits,11.39,6,4.78,73.12,0
201,A,"New York",Normal,Female,Detergent,"Personal Care",8.30,13,7.55,115.45,0
202,A,"New York",Member,Female,Detergent,Household,10.90,8,6.10,93.30,9
203,B,"Los Angeles",Member,Female,Shampoo,Fruits,3.00,20,4.20,64.20,6
204,A,Chicago,Member,Female,Detergent,Household,16.50,10,11.55,176.55,17
205,A,"New York",Normal,Female,"Orange Juice","Personal Care",20.06,5,7.02,107.32,0
206,A,"New York",Normal,Female,Shampoo,Household,10.73,7,5.26,80.37,0
207,B,"Los Angeles",Normal,Female,Detergent,Stationery,8.46,18,10.66,162.94,0
208,A,"New York",Member,Female,Shampoo,Fruits,6.76,20,9.46,144.66,14
209,B,"Los Angeles",Normal,Male,"Orange Juice","Personal Care",8.71,7,4.27,65.24,0
210,B,"Los Angeles",Member,Female,Notebook,Beverages,6.91,18,8.71,133.09,13
211,A,Chicago,Member,Female,Notebook,Stationery,16.18,15,16.99,259.69,25
212,A,Chicago,Member,Female,Detergent,Stationery,12.50,17,14.88,227.38,22
213,A,"New York",Normal,Male,"Orange Juice",Fruits,17.55,16,19.66,300.46,0
214,A,"New York",Normal,Male,Notebook,Household,17.59,1,1.23,18.82,0
215,B,"Los Angeles",Member,Female,Notebook,Beverages,6.70,19,8.91,136.21,13
216,A,"New York",Member,Female,Shampoo,Fruits,18.35,2,2.57,39.27,3
217,A,"New York",Normal,Female,"Orange Juice",Stationery,7.09,16,7.94,121.38,0
218,A,Chicago,Member,Male,Detergent,Household,19.96,9,12.57,192.21,19
219,B,"Los Angeles",Normal,Male,Shampoo,Stationery,3.01,16,3.37,51.53,0
220,A,"New York",Member,Male,Detergent,Fruits,4.80,13,4.37,66.77,6
221,B,"Los Angeles",Normal,Female,"Orange Juice","Personal Care",5.86,17,6.97,106.59,0
222,B,"Los Angeles",Member,Female,"Orange Juice","Personal Care",17.55,19,23.34,356.79,35
223,A,"New York",Member,Male,Shampoo,Stationery,14.47,5,5.06,77.41,7
224,A,Chicago,Member,Female,"Orange Juice","Personal Care",7.91,14,7.75,118.49,11
225,A,Chicago,Member,Male,Apple,Stationery,5.11,19,6.80,103.89,10
226,A,Chicago,Member,Male,Shampoo,Fruits,17.62,16,19.73,301.65,30
227,A,"New York",Member,Male,Shampoo,Beverages,12.79,3,2.69,41.06,4
228,A,"New York",Normal,Male,Apple,"Personal Care",9.59,1,0.67,10.26,0
229,A,"New York",Normal,Female,Notebook,Fruits,2.58,14,2.53,38.65,0
230,A,"New York",Normal,Male,Shampoo,Household,15.08,12,12.67,193.63,0
231,A,"New York",Member,Male,Shampoo,Household,10.40,1,0.73,11.13,1
232,A,Chicago,Normal,Male,Shampoo,Household,1.07,4,0.30,4.58,0
233,A,"New York",Normal,Male,Shampoo,"Personal Care",2.83,6,1.19,18.17,0
234,A,Chicago,Member,Male,Notebook,Fruits,4.63,5,1.62,24.77,2
235,A,"New York",Normal,Female,Apple,Household,12.78,2,1.79,27.35,0
236,A,Chicago,Member,Male,Apple,Household,11.56,16,12.95,197.91,19
237,B,"Los Angeles",Normal,Female,Detergent,Household,18.10,8,10.14,154.94,0
238,A,"New York",Member,Male,Shampoo,Beverages,7.60,1,0.53,8.13,0
239,A,Chicago,Member,Male,Shampoo,Beverages,19.85,15,20.84,318.59,31
240,B,"Los Angeles",Normal,Male,Shampoo,Fruits,10.77,16,12.06,184.38,0
241,B,"Los Angeles",Normal,Male,Shampoo,Household,3.61,10,2.53,38.63,0
242,A,"New York",Normal,Female,Shampoo,Stationery,6.77,13,6.16,94.17,0
243,A,Chicago,Normal,Female,Shampoo,"Personal Care",10.22,6,4.29,65.61,0
244,B,"Los Angeles",Normal,Female,Apple,"Personal Care",12.47,15,13.09,200.14,0
245,A,Chicago,Normal,Male,Shampoo,Household,15.54,16,17.40,266.04,0
246,A,"New York",Member,Female,Notebook,Beverages,18.30,9,11.53,176.23,17
247,A,Chicago,Normal,Male,Detergent,Beverages,8.81,3,1.85,28.28,0
248,A,"New York",Member,Male,Apple,Fruits,13.53,17,16.10,246.11,24
249,A,"New York",Normal,Female,Detergent,"Personal Care",9.61,19,12.78,195.37,0
250,B,"Los Angeles",Member,Female,Apple,Beverages,10.17,18,12.81,195.87,19
251,A,Chicago,Member,Female,Notebook,"Personal Care",15.34,8,8.59,131.31,13
252,B,"Los Angeles",Member,Female,Apple,Household,19.50,13,17.75,271.25,27
253,A,"New York",Member,Male,"Orange Juice",Fruits,20.81,5,7.28,111.33,11
254,A,Chicago,Normal,Female,"Orange Juice",Fruits,20.25,4,5.67,86.67,0
255,B,"Los Angeles",Normal,Male,Apple,Beverages,4.37,4,1.22,18.70,0
256,B,"Los Angeles",Normal,Male,Apple,Beverages,17.95,12,15.08,230.48,0
257,A,"New York",Member,Male,Apple,Household,3.32,7,1.63,24.87,2
258,A,Chicago,Member,Female,Apple,Fruits,18.14,19,24.13,368.79,36
259,A,Chicago,Member,Male,Shampoo,Stationery,6.62,8,3.71,56.67,5
260,B,"Los Angeles",Member,Female,Shampoo,Beverages,14.94,10,10.46,159.86,15
261,B,"Los Angeles",Member,Male,Notebook,Beverages,20.02,19,26.63,407.01,40
262,A,"New York",Normal,Male,Shampoo,Beverages,17.65,5,6.18,94.43,0
263,A,"New York",Normal,Female,Detergent,Household,11.67,11,8.99,137.36,0
264,B,"Los Angeles",Member,Male,Shampoo,Household,17.10,1,1.20,18.30,1
265,B,"Los Angeles",Member,Female,Detergent,Household,2.39,10,1.67,25.57,2
266,B,"Los Angeles",Member,Female,Shampoo,Stationery,2.14,13,1.95,29.77,2
267,B,"Los Angeles",Member,Male,Notebook,"Personal Care",6.41,7,3.14,48.01,4
268,B,"Los Angeles",Normal,Male,"Orange Juice","Personal Care",5.94,13,5.41,82.63,0
269,B,"Los Angeles",Member,Male,"Orange Juice",Household,17.33,17,20.62,315.23,31
270,A,Chicago,Normal,Female,Notebook,Stationery,16.05,18,20.22,309.12,0
271,A,Chicago,Normal,Male,"Orange Juice","Personal Care",17.89,1,1.25,19.14,0
272,A,"New York",Member,Female,Detergent,Beverages,14.76,12,12.40,189.52,18
273,A,"New York",Normal,Male,Notebook,"Personal Care",5.00,9,3.15,48.15,0
274,A,"New York",Member,Male,"Orange Juice",Stationery,6.42,5,2.25,34.35,3
275,B,"Los Angeles",Member,Male,Notebook,Beverages,6.37,17,7.58,115.87,11
276,B,"Los Angeles",Normal,Male,Detergent,Stationery,6.74,16,7.55,115.39,0
277,A,"New York",Normal,Female,Apple,Household,15.70,12,13.19,201.59,0
278,B,"Los Angeles",Member,Male,Detergent,Fruits,19.93,8,11.16,170.60,17
279,B,"Los Angeles",Normal,Male,Notebook,"Personal Care",2.40,17,2.86,43.66,0
280,B,"Los Angeles",Normal,Female,Shampoo,Stationery,1.94,6,0.81,12.45,0
281,B,"Los Angeles",Member,Male,Shampoo,Fruits,4.31,6,1.81,27.67,2
282,A,"New York",Member,Female,Detergent,Stationery,15.53,1,1.09,16.62,1
283,A,Chicago,Normal,Female,Detergent,"Personal Care",18.01,4,5.04,77.08,0
284,B,"Los Angeles",Member,Male,Shampoo,"Personal Care",7.79,10,5.45,83.35,8
285,B,"Los Angeles",Member,Male,"Orange Juice",Beverages,1.50,4,0.42,6.42,0
286,A,Chicago,Normal,Male,Detergent,Stationery,1.45,11,1.12,17.07,0
287,A,Chicago,Normal,Female,Apple,Fruits,8.80,6,3.70,56.50,0
288,A,"New York",Normal,Female,Detergent,Household,1.92,19,2.55,39.03,0
289,B,"Los Angeles",Normal,Female,Detergent,Beverages,20.43,8,11.44,174.88,0
290,A,"New York",Normal,Female,Shampoo,"Personal Care",18.24,6,7.66,117.10,0
291,A,Chicago,Member,Female,Detergent,Fruits,2.16,18,2.72,41.60,4
292,A,"New York",Member,Female,Notebook,"Personal Care",8.74,16,9.79,149.63,14
293,A,"New York",Member,Female,Apple,Household,18.32,9,11.54,176.42,17
294,B,"Los Angeles",Normal,Male,Shampoo,Stationery,3.79,19,5.04,77.05,0
295,B,"Los Angeles",Member,Male,"Orange Juice",Stationery,12.24,2,1.71,26.19,2
296,A,"New York",Normal,Male,Detergent,Beverages,1.76,5,0.62,9.42,0
297,B,"Los Angeles",Member,Male,"Orange Juice",Household,13.60,7,6.66,101.86,10
298,A,"New York",Member,Female,Detergent,Fruits,11.97,7,5.87,89.66,8
299,A,Chicago,Normal,Female,"Orange Juice","Personal Care",13.49,15,14.16,216.51,0
300,A,"New York",Normal,Male,Apple,Stationery,9.85,12,8.27,126.47,0
301,A,"New York",Member,Male,Shampoo,Household,13.68,7,6.70,102.46,10
302,A,Chicago,Normal,Male,Notebook,Beverages,14.79,18,18.64,284.86,0
303,A,Chicago,Member,Female,"Orange Juice",Household,9.74,17,11.59,177.17,17
304,A,"New York",Normal,Male,Shampoo,Beverages,6.94,14,6.80,103.96,0
305,A,Chicago,Member,Female,Apple,Fruits,2.78,2,0.39,5.95,0
306,A,Chicago,Member,Male,Apple,"Personal Care",17.58,1,1.23,18.81,1
307,B,"Los Angeles",Normal,Female,Detergent,"Personal Care",14.20,1,0.99,15.19,0
308,B,"Los Angeles",Member,Male,Detergent,Fruits,8.26,4,2.31,35.35,3
309,A,"New York",Member,Male,"Orange Juice",Beverages,8.62,1,0.60,9.22,0
310,A,Chicago,Member,Male,"Orange Juice",Household,8.02,17,9.54,145.88,14
311,A,Chicago,Member,Female,Apple,Fruits,20.18,5,7.06,107.96,10
312,B,"Los Angeles",Member,Female,Detergent,Stationery,9.87,4,2.76,42.24,4
313,B,"Los Angeles",Normal,Female,Detergent,Fruits,5.37,13,4.89,74.70,0
314,B,"Los Angeles",Normal,Female,Notebook,Fruits,11.36,3,2.39,36.47,0
315,B,"Los Angeles",Member,Female,Detergent,Fruits,1.10,5,0.39,5.89,0
316,A,"New York",Normal,Female,Shampoo,Stationery,1.09,4,0.31,4.67,0
317,A,Chicago,Normal,Female,"Orange Juice",Stationery,3.07,18,3.87,59.13,0
318,A,Chicago,Normal,Female,Notebook,Stationery,16.36,16,18.32,280.08,0
319,B,"Los Angeles",Member,Female,Notebook,Household,15.79,8,8.84,135.16,13
320,A,"New York",Normal,Male,Notebook,Beverages,16.89,20,23.65,361.45,0
321,B,"Los Angeles",Normal,Male,Notebook,Fruits,13.46,15,14.13,216.03,0
322,A,Chicago,Member,Female,Apple,Stationery,4.31,16,4.83,73.79,7
323,B,"Los Angeles",Member,Male,"Orange Juice","Personal Care",19.14,5,6.70,102.40,10
324,A,Chicago,Normal,Male,Notebook,Beverages,1.50,13,1.37,20.87,0
325,B,"Los Angeles",Member,Female,Detergent,Household,18.30,19,24.34,372.04,37
326,B,"Los Angeles",Normal,Male,Apple,Household,5.13,14,5.03,76.85,0
327,B,"Los Angeles",Member,Male,Shampoo,Fruits,4.25,11,3.27,50.02,5
328,B,"Los Angeles",Member,Male,Shampoo,"Personal Care",18.22,5,6.38,97.48,9
329,B,"Los Angeles",Normal,Female,"Orange Juice","Personal Care",1.24,10,0.87,13.27,0
330,B,"Los Angeles",Normal,Female,Detergent,Beverages,4.90,12,4.12,62.92,0
331,B,"Los Angeles",Member,Female,Notebook,Beverages,12.75,3,2.68,40.93,4
332,A,"New York",Member,Female,Notebook,"Personal Care",20.53,18,25.87,395.41,39
333,A,"New York",Member,Male,Apple,"Personal Care",19.18,4,5.37,82.09,8
334,B,"Los Angeles",Member,Male,Apple,Beverages,17.71,13,16.12,246.35,24
335,A,Chicago,Member,Female,Apple,Stationery,18.25,14,17.89,273.39,27
336,A,Chicago,Normal,Male,Shampoo,Fruits,9.50,12,7.98,121.98,0
337,A,"New York",Member,Female,Notebook,"Personal Care",6.50,5,2.28,34.78,3
338,B,"Los Angeles",Member,Female,Detergent,Stationery,9.19,2,1.29,19.67,1
339,B,"Los Angeles",Member,Male,Notebook,"Personal Care",9.59,20,13.43,205.23,20
340,B,"Los Angeles",Member,Female,"Orange Juice",Stationery,8.85,18,11.15,170.45,17
341,A,"New York",Normal,Male,Shampoo,Stationery,7.01,12,5.89,90.01,0
342,B,"Los Angeles",Normal,Male,Shampoo,Stationery,15.87,2,2.22,33.96,0
343,A,Chicago,Member,Male,Apple,"Personal Care",4.59,13,4.18,63.85,6
344,A,"New York",Normal,Female,Apple,"Personal Care",15.37,9,9.68,148.01,0
345,A,"New York",Normal,Female,Apple,Beverages,10.07,7,4.93,75.42,0
346,A,Chicago,Normal,Male,Notebook,Stationery,5.67,10,3.97,60.67,0
347,B,"Los Angeles",Member,Female,Notebook,Beverages,18.58,9,11.71,178.93,17
348,A,"New York",Normal,Female,Shampoo,Beverages,20.85,7,10.22,156.17,0
349,A,Chicago,Member,Male,Apple,Household,4.53,11,3.49,53.32,5
350,A,"New York",Member,Male,"Orange Juice","Personal Care",6.89,8,3.86,58.98,5
351,B,"Los Angeles",Member,Male,Shampoo,Fruits,7.00,16,7.84,119.84,11
352,B,"Los Angeles",Member,Female,"Orange Juice",Household,5.61,16,6.28,96.04,9
353,B,"Los Angeles",Member,Female,Shampoo,Household,7.64,11,5.88,89.92,8
354,B,"Los Angeles",Member,Male,"Orange Juice",Fruits,17.40,9,10.96,167.56,16
355,A,Chicago,Normal,Female,"Orange Juice",Household,3.76,11,2.90,44.26,0
356,A,Chicago,Normal,Female,"Orange Juice",Fruits,3.89,2,0.54,8.32,0
357,B,"Los Angeles",Normal,Male,Detergent,Fruits,6.20,15,6.51,99.51,0
358,A,"New York",Normal,Male,Notebook,Fruits,10.36,18,13.05,199.53,0
359,B,"Los Angeles",Normal,Female,Notebook,Beverages,2.58,19,3.43,52.45,0
360,B,"Los Angeles",Normal,Female,"Orange Juice","Personal Care",2.12,16,2.37,36.29,0
361,A,Chicago,Normal,Female,Shampoo,Stationery,19.95,2,2.79,42.69,0
362,A,Chicago,Normal,Female,Notebook,Fruits,19.12,17,22.75,347.79,0
363,A,"New York",Normal,Female,Shampoo,Household,18.71,11,14.41,220.22,0
364,A,"New York",Member,Male,Shampoo,"Personal Care",15.13,20,21.18,323.78,32
365,B,"Los Angeles",Normal,Male,"Orange Juice",Fruits,19.44,19,25.86,395.22,0
366,B,"Los Angeles",Member,Male,"Orange Juice","Personal Care",19.90,8,11.14,170.34,17
367,B,"Los Angeles",Member,Female,"Orange Juice",Beverages,12.20,6,5.12,78.32,7
368,A,"New York",Normal,Male,Shampoo,Stationery,15.99,3,3.36,51.33,0
369,A,"New York",Member,Female,Detergent,Fruits,12.78,8,7.16,109.40,10
370,A,Chicago,Member,Male,Apple,Stationery,1.13,1,0.08,1.21,0
371,B,"Los Angeles",Member,Female,Apple,Fruits,4.61,10,3.23,49.33,4
372,A,"New York",Member,Female,"Orange Juice",Beverages,20.00,2,2.80,42.80,4
373,A,"New York",Member,Male,Apple,"Personal Care",13.70,14,13.43,205.23,20
374,A,Chicago,Normal,Female,Shampoo,Fruits,7.58,20,10.61,162.21,0
375,B,"Los Angeles",Member,Female,Notebook,Stationery,1.66,1,0.12,1.78,0
376,B,"Los Angeles",Normal,Female,Notebook,Fruits,5.27,6,2.21,33.83,0
377,A,"New York",Normal,Male,Notebook,Stationery,15.04,11,11.58,177.02,0
378,A,"New York",Normal,Female,Notebook,Beverages,2.61,12,2.19,33.51,0
379,A,"New York",Normal,Female,"Orange Juice",Fruits,11.30,4,3.16,48.36,0
380,B,"Los Angeles",Normal,Male,Detergent,Fruits,11.52,2,1.61,24.65,0
381,A,Chicago,Member,Male,Shampoo,Stationery,8.56,17,10.19,155.71,15
382,A,"New York",Member,Female,Detergent,"Personal Care",2.11,6,0.89,13.55,1
383,A,Chicago,Member,Female,Shampoo,"Personal Care",15.48,11,11.92,182.20,18
384,B,"Los Angeles",Member,Male,"Orange Juice",Fruits,3.25,20,4.55,69.55,6
385,A,"New York",Member,Male,Notebook,Stationery,1.27,2,0.18,2.72,0
386,B,"Los Angeles",Normal,Male,Detergent,Fruits,10.94,20,15.32,234.12,0
387,A,"New York",Member,Male,Shampoo,Household,9.43,1,0.66,10.09,1
388,A,"New York",Normal,Male,"Orange Juice",Household,11.75,14,11.52,176.02,0
389,A,Chicago,Member,Male,"Orange Juice",Household,19.88,10,13.92,212.72,21
390,A,Chicago,Member,Male,"Orange Juice",Fruits,12.38,10,8.67,132.47,13
391,B,"Los Angeles",Normal,Male,Apple,Beverages,16.43,5,5.75,87.90,0
392,B,"Los Angeles",Member,Male,Detergent,Household,9.35,3,1.96,30.01,3
393,A,"New York",Normal,Female,"Orange Juice",Household,5.19,15,5.45,83.30,0
394,B,"Los Angeles",Member,Male,"Orange Juice",Beverages,12.07,7,5.91,90.40,9
395,A,Chicago,Normal,Male,"Orange Juice",Stationery,13.42,8,7.52,114.88,0
396,B,"Los Angeles",Member,Male,Notebook,Beverages,3.34,13,3.04,46.46,4
397,B,"Los Angeles",Member,Female,Notebook,Fruits,2.44,4,0.68,10.44,1
398,A,"New York",Normal,Male,Apple,Fruits,19.17,2,2.68,41.02,0
399,A,Chicago,Normal,Female,Shampoo,Fruits,6.47,19,8.61,131.54,0
400,A,"New York",Normal,Male,Notebook,"Personal Care",16.38,12,13.76,210.32,0
401,B,"Los Angeles",Normal,Female,Detergent,Fruits,3.80,5,1.33,20.33,0
402,A,Chicago,Normal,Male,Detergent,Fruits,17.60,8,9.86,150.66,0
403,A,"New York",Member,Female,Apple,Stationery,5.09,4,1.43,21.79,2
404,B,"Los Angeles",Member,Male,Detergent,Beverages,16.33,2,2.29,34.95,3
405,A,Chicago,Normal,Male,Detergent,Household,3.40,13,3.09,47.29,0
406,A,Chicago,Member,Male,Detergent,Household,13.30,17,15.83,241.93,24
407,B,"Los Angeles",Member,Male,Notebook,Fruits,12.39,7,6.07,92.80,9
408,A,Chicago,Normal,Female,Detergent,Stationery,2.62,14,2.57,39.25,0
409,B,"Los Angeles",Normal,Female,Shampoo,Fruits,18.12,2,2.54,38.78,0
410,B,"Los Angeles",Member,Female,Detergent,Beverages,7.28,18,9.17,140.21,14
411,B,"Los Angeles",Normal,Male,"Orange Juice",Fruits,17.85,11,13.74,210.09,0
412,A,"New York",Member,Male,"Orange Juice","Personal Care",6.46,6,2.71,41.47,4
413,A,Chicago,Member,Female,Detergent,Stationery,8.72,5,3.05,46.65,4
414,A,Chicago,Normal,Female,Shampoo,"Personal Care",15.92,5,5.57,85.17,0
415,A,"New York",Normal,Male,Apple,Fruits,15.52,8,8.69,132.85,0
416,A,Chicago,Member,Female,Detergent,Fruits,8.26,10,5.78,88.38,8
417,A,"New York",Member,Female,Notebook,"Personal Care",13.19,17,15.70,239.93,23
418,A,Chicago,Member,Female,Apple,Household,1.21,20,1.69,25.89,2
419,A,"New York",Normal,Male,Detergent,Household,20.63,11,15.89,242.82,0
420,A,"New York",Normal,Male,"Orange Juice",Stationery,5.13,9,3.23,49.40,0
421,B,"Los Angeles",Member,Female,Shampoo,Household,2.14,6,0.90,13.74,1
422,A,"New York",Member,Male,Shampoo,"Personal Care",6.85,4,1.92,29.32,2
423,B,"Los Angeles",Normal,Male,Apple,"Personal Care",12.59,17,14.98,229.01,0
424,A,Chicago,Member,Female,Shampoo,Stationery,20.82,6,8.74,133.66,13
425,B,"Los Angeles",Normal,Female,"Orange Juice",Fruits,7.51,18,9.46,144.64,0
426,A,Chicago,Member,Male,Detergent,Stationery,4.29,20,6.01,91.81,9
427,A,"New York",Normal,Female,Apple,"Personal Care",11.05,7,5.41,82.76,0
428,A,Chicago,Normal,Male,Shampoo,Household,17.10,4,4.79,73.19,0
429,A,Chicago,Normal,Female,Detergent,Beverages,1.72,13,1.57,23.93,0
430,A,Chicago,Normal,Female,Apple,Beverages,17.88,13,16.27,248.71,0
431,A,Chicago,Member,Female,Apple,Stationery,16.24,1,1.14,17.38,1
432,A,Chicago,Member,Male,Notebook,Beverages,12.83,5,4.49,68.64,6
433,B,"Los Angeles",Normal,Female,Shampoo,"Personal Care",20.80,15,21.84,333.84,0
434,B,"Los Angeles",Normal,Female,"Orange Juice",Household,13.78,5,4.82,73.72,0
435,A,"New York",Normal,Female,Shampoo,Fruits,17.32,14,16.97,259.45,0
436,B,"Los Angeles",Member,Male,"Orange Juice","Personal Care",20.09,8,11.25,171.97,17
437,B,"Los Angeles",Member,Male,Detergent,Fruits,13.92,11,10.72,163.84,16
438,A,"New York",Member,Male,Shampoo,Beverages,15.48,3,3.25,49.69,4
439,A,"New York",Normal,Female,"Orange Juice","Personal Care",8.36,8,4.68,71.56,0
440,A,Chicago,Member,Female,Notebook,"Personal Care",6.09,3,1.28,19.55,1
441,A,Chicago,Normal,Male,Shampoo,Stationery,16.82,3,3.53,53.99,0
442,A,Chicago,Normal,Female,Shampoo,Household,8.01,14,7.85,119.99,0
443,A,Chicago,Member,Female,Notebook,Fruits,12.01,9,7.57,115.66,11
444,B,"Los Angeles",Normal,Female,Apple,Beverages,8.19,8,4.59,70.11,0
445,B,"Los Angeles",Member,Female,Shampoo,Stationery,16.37,2,2.29,35.03,3
446,B,"Los Angeles",Normal,Male,Shampoo,"Personal Care",10.61,20,14.85,227.05,0
447,A,"New York",Member,Male,Notebook,Fruits,20.91,14,20.49,313.23,31
448,A,"New York",Normal,Male,Apple,Stationery,15.32,9,9.65,147.53,0
449,B,"Los Angeles",Member,Female,"Orange Juice",Beverages,8.89,12,7.47,114.15,11
450,B,"Los Angeles",Normal,Male,Apple,Stationery,19.55,15,20.53,313.78,0
451,A,"New York",Normal,Female,Notebook,Household,11.16,10,7.81,119.41,0
452,A,"New York",Normal,Male,Apple,Stationery,16.43,5,5.75,87.90,0
453,A,"New York",Normal,Male,Detergent,Household,16.77,3,3.52,53.83,0
454,B,"Los Angeles",Normal,Male,Apple,"Personal Care",7.23,4,2.02,30.94,0
455,A,Chicago,Member,Male,Detergent,"Personal Care",9.64,16,10.80,165.04,16
456,B,"Los Angeles",Normal,Female,"Orange Juice",Beverages,13.12,8,7.35,112.31,0
457,B,"Los Angeles",Member,Male,Apple,Beverages,13.30,3,2.79,42.69,4
458,A,"New York",Member,Male,Apple,Beverages,9.60,14,9.41,143.81,14
459,A,"New York",Normal,Male,Apple,Household,4.37,15,4.59,70.14,0
460,A,"New York",Normal,Female,Shampoo,Stationery,9.94,1,0.70,10.64,0
461,A,"New York",Normal,Female,"Orange Juice",Household,4.38,11,3.37,51.55,0
462,B,"Los Angeles",Member,Male,Apple,Household,10.18,9,6.41,98.03,9
463,B,"Los Angeles",Normal,Female,"Orange Juice",Household,12.64,1,0.88,13.52,0
464,B,"Los Angeles",Normal,Male,Apple,Beverages,12.90,11,9.93,151.83,0
465,B,"Los Angeles",Member,Female,"Orange Juice","Personal Care",17.27,19,22.97,351.10,35
466,B,"Los Angeles",Member,Male,Shampoo,Beverages,18.14,6,7.62,116.46,11
467,B,"Los Angeles",Member,Female,"Orange Juice",Fruits,19.87,7,9.74,148.83,14
468,B,"Los Angeles",Normal,Female,"Orange Juice",Household,10.50,7,5.15,78.65,0
469,A,Chicago,Normal,Male,Notebook,Fruits,15.98,6,6.71,102.59,0
470,B,"Los Angeles",Normal,Female,Notebook,Beverages,2.97,1,0.21,3.18,0
471,A,Chicago,Member,Female,Notebook,Fruits,1.52,8,0.85,13.01,1
472,A,"New York",Normal,Female,Shampoo,Beverages,5.38,11,4.14,63.32,0
473,A,Chicago,Member,Male,Apple,Beverages,12.89,12,10.83,165.51,16
474,B,"Los Angeles",Normal,Male,Shampoo,Stationery,4.94,5,1.73,26.43,0
475,A,Chicago,Member,Male,"Orange Juice","Personal Care",18.18,17,21.63,330.69,33
476,B,"Los Angeles",Normal,Female,Detergent,Stationery,7.95,1,0.56,8.51,0
477,B,"Los Angeles",Normal,Female,Notebook,Fruits,11.44,6,4.80,73.44,0
478,A,"New York",Normal,Male,Notebook,Beverages,20.39,1,1.43,21.82,0
479,B,"Los Angeles",Member,Female,Apple,"Personal Care",18.90,3,3.97,60.67,6
480,A,Chicago,Normal,Male,Notebook,Stationery,14.42,10,10.09,154.29,0
481,A,"New York",Member,Female,Notebook,Beverages,9.65,11,7.43,113.58,11
482,A,Chicago,Normal,Male,Detergent,Beverages,12.14,17,14.45,220.83,0
483,A,Chicago,Member,Male,Apple,Household,10.70,11,8.24,125.94,12
484,A,"New York",Normal,Male,"Orange Juice",Household,11.66,12,9.79,149.71,0
485,A,Chicago,Normal,Female,"Orange Juice",Household,12.57,16,14.08,215.20,0
486,B,"Los Angeles",Normal,Female,Apple,Stationery,1.51,2,0.21,3.23,0
487,A,"New York",Normal,Male,Apple,Household,8.28,9,5.22,79.74,0
488,A,"New York",Member,Male,Detergent,"Personal Care",10.10,20,14.14,216.14,21
489,B,"Los Angeles",Normal,Male,Notebook,"Personal Care",6.03,5,2.11,32.26,0
490,A,"New York",Member,Female,"Orange Juice","Personal Care",20.15,6,8.46,129.36,12
491,A,"New York",Normal,Male,Detergent,Beverages,1.40,10,0.98,14.98,0
492,B,"Los Angeles",Member,Male,Apple,Stationery,14.04,11,10.81,165.25,16
493,A,"New York",Normal,Male,Notebook,Stationery,17.02,20,23.83,364.23,0
494,B,"Los Angeles",Normal,Male,Apple,Household,17.96,8,10.06,153.74,0
495,A,"New York",Normal,Male,Notebook,Fruits,8.30,8,4.65,71.05,0
496,A,Chicago,Member,Male,Notebook,Stationery,1.70,12,1.43,21.83,2
497,A,Chicago,Member,Male,Notebook,Household,4.09,18,5.15,78.77,7
498,B,"Los Angeles",Normal,Male,Detergent,Fruits,12.82,5,4.49,68.59,0
499,A,Chicago,Member,Female,Notebook,"Personal Care",4.73,16,5.30,80.98,8
500,A,Chicago,Normal,Female,Shampoo,Fruits,17.48,14,17.13,261.85,0
501,A,"New York",Normal,Male,Notebook,"Personal Care",20.96,12,17.61,269.13,0
502,B,"Los Angeles",Member,Male,Notebook,Beverages,12.33,6,5.18,79.16,7
503,A,"New York",Normal,Female,"Orange Juice",Beverages,16.24,20,22.74,347.54,0
504,B,"Los Angeles",Normal,Male,Shampoo,"Personal Care",2.73,6,1.15,17.53,0
505,A,Chicago,Member,Male,Detergent,Stationery,3.43,19,4.56,69.73,6
506,A,Chicago,Normal,Male,Apple,Fruits,14.14,12,11.88,181.56,0
507,B,"Los Angeles",Normal,Male,"Orange Juice",Fruits,5.17,15,5.43,82.98,0
508,A,"New York",Member,Female,"Orange Juice",Household,14.16,4,3.96,60.60,6
509,A,Chicago,Normal,Female,"Orange Juice",Beverages,20.51,2,2.87,43.89,0
510,A,Chicago,Member,Female,Shampoo,Fruits,15.44,20,21.62,330.42,33
511,A,"New York",Member,Female,Notebook,"Personal Care",20.48,17,24.37,372.53,37
512,A,Chicago,Member,Male,Shampoo,Stationery,13.15,1,0.92,14.07,1
513,A,Chicago,Member,Female,Detergent,Household,1.35,1,0.09,1.44,0
514,B,"Los Angeles",Normal,Male,Detergent,Stationery,18.09,6,7.60,116.14,0
515,A,"New York",Normal,Male,Detergent,Beverages,8.75,8,4.90,74.90,0
516,B,"Los Angeles",Normal,Female,Detergent,Household,1.81,17,2.15,32.92,0
517,A,Chicago,Member,Male,Shampoo,Stationery,6.19,8,3.47,52.99,5
518,A,"New York",Member,Male,Detergent,Household,10.10,1,0.71,10.81,1
519,B,"Los Angeles",Member,Female,Detergent,Household,6.51,9,4.10,62.69,6
520,A,Chicago,Member,Male,Apple,Household,1.88,3,0.39,6.03,0
521,A,Chicago,Normal,Female,Shampoo,Stationery,13.79,3,2.90,44.27,0
522,A,Chicago,Normal,Female,Notebook,Beverages,20.23,18,25.49,389.63,0
523,A,Chicago,Normal,Male,Apple,Household,17.80,2,2.49,38.09,0
524,B,"Los Angeles",Member,Male,Detergent,Household,7.53,15,7.91,120.86,12
525,B,"Los Angeles",Normal,Female,Shampoo,Fruits,9.51,12,7.99,122.11,0
526,A,Chicago,Normal,Female,Detergent,Household,1.68,7,0.82,12.58,0
527,A,"New York",Member,Male,Apple,"Personal Care",12.20,16,13.66,208.86,20
528,B,"Los Angeles",Member,Female,Detergent,Stationery,6.04,13,5.50,84.02,8
529,B,"Los Angeles",Normal,Female,Shampoo,Beverages,1.63,13,1.48,22.67,0
530,A,Chicago,Normal,Female,Detergent,Fruits,10.77,18,13.57,207.43,0
531,B,"Los Angeles",Normal,Male,Detergent,Household,9.67,18,12.18,186.24,0
532,A,"New York",Normal,Male,Shampoo,Stationery,17.53,8,9.82,150.06,0
533,A,"New York",Member,Male,"Orange Juice","Personal Care",4.96,11,3.82,58.38,5
534,A,"New York",Normal,Male,Detergent,Fruits,7.84,3,1.65,25.17,0
535,A,Chicago,Member,Male,Notebook,Fruits,17.40,8,9.74,148.94,14
536,A,Chicago,Normal,Male,Apple,Stationery,12.52,5,4.38,66.98,0
537,A,"New York",Normal,Male,"Orange Juice",Beverages,13.59,11,10.46,159.95,0
538,A,"New York",Member,Female,Notebook,Stationery,10.77,14,10.55,161.33,16
539,A,Chicago,Normal,Male,Notebook,Stationery,16.63,19,22.12,338.09,0
540,A,"New York",Normal,Male,Shampoo,Fruits,19.92,5,6.97,106.57,0
541,A,Chicago,Normal,Female,"Orange Juice","Personal Care",14.49,2,2.03,31.01,0
542,A,"New York",Member,Male,"Orange Juice",Household,9.70,18,12.22,186.82,18
543,A,"New York",Member,Male,Apple,Stationery,5.16,20,7.22,110.42,11
544,A,Chicago,Normal,Male,Apple,Household,15.69,13,14.28,218.25,0
545,B,"Los Angeles",Normal,Male,Notebook,Household,14.05,2,1.97,30.07,0
546,A,Chicago,Normal,Female,Shampoo,"Personal Care",15.50,2,2.17,33.17,0
547,A,Chicago,Normal,Male,"Orange Juice",Household,11.20,14,10.98,167.78,0
548,A,"New York",Member,Male,Detergent,Beverages,4.42,18,5.57,85.13,8
549,A,"New York",Member,Female,"Orange Juice",Household,14.48,7,7.10,108.46,10
550,B,"Los Angeles",Member,Female,Shampoo,Beverages,3.05,17,3.63,55.48,5
551,A,Chicago,Normal,Female,Apple,Fruits,9.83,13,8.95,136.74,0
552,A,Chicago,Member,Female,Notebook,Household,9.00,1,0.63,9.63,0
553,A,"New York",Normal,Male,Notebook,Beverages,4.19,17,4.99,76.22,0
554,A,"New York",Normal,Male,Apple,Household,20.87,1,1.46,22.33,0
555,A,"New York",Normal,Female,Detergent,"Personal Care",13.19,16,14.77,225.81,0
556,A,Chicago,Member,Male,Apple,Fruits,11.38,7,5.58,85.24,8
557,A,Chicago,Normal,Female,Notebook,Beverages,2.77,19,3.68,56.31,0
558,B,"Los Angeles",Normal,Female,Detergent,Fruits,15.56,1,1.09,16.65,0
559,A,"New York",Normal,Female,Apple,"Personal Care",5.88,19,7.82,119.54,0
560,A,"New York",Normal,Male,Notebook,Beverages,19.03,13,17.32,264.71,0
561,A,"New York",Member,Female,Apple,"Personal Care",16.48,13,15.00,229.24,22
562,B,"Los Angeles",Member,Female,Shampoo,Fruits,3.19,5,1.12,17.07,1
563,B,"Los Angeles",Member,Female,Notebook,Household,18.26,2,2.56,39.08,3
564,A,Chicago,Normal,Male,Shampoo,Beverages,8.73,20,12.22,186.82,0
565,A,"New York",Normal,Male,Notebook,Beverages,9.95,12,8.36,127.76,0
566,A,Chicago,Member,Male,"Orange Juice",Fruits,5.63,18,7.09,108.43,10
567,A,Chicago,Normal,Male,Shampoo,Stationery,17.19,8,9.63,147.15,0
568,B,"Los Angeles",Normal,Male,Apple,Household,15.00,12,12.60,192.60,0
569,B,"Los Angeles",Normal,Female,"Orange Juice","Personal Care",4.28,17,5.09,77.85,0
570,B,"Los Angeles",Member,Female,Notebook,"Personal Care",4.47,14,4.38,66.96,6
571,B,"Los Angeles",Member,Male,Apple,Household,17.49,1,1.22,18.71,1
572,B,"Los Angeles",Normal,Female,Shampoo,"Personal Care",11.72,7,5.74,87.78,0
573,A,"New York",Member,Female,Shampoo,Beverages,17.25,9,10.87,166.12,16
574,B,"Los Angeles",Normal,Female,Notebook,Beverages,11.99,19,15.95,243.76,0
575,B,"Los Angeles",Normal,Male,Shampoo,Household,8.29,10,5.80,88.70,0
576,B,"Los Angeles",Normal,Male,"Orange Juice",Stationery,6.18,3,1.30,19.84,0
577,A,Chicago,Member,Male,Notebook,Beverages,17.72,7,8.68,132.72,13
578,A,Chicago,Member,Male,"Orange Juice","Personal Care",12.14,14,11.90,181.86,18
579,B,"Los Angeles",Normal,Female,Shampoo,"Personal Care",9.73,15,10.22,156.17,0
580,A,Chicago,Member,Male,Notebook,"Personal Care",19.67,5,6.88,105.23,10
581,B,"Los Angeles",Normal,Female,"Orange Juice",Household,1.35,17,1.61,24.56,0
582,B,"Los Angeles",Normal,Male,"Orange Juice",Household,17.95,5,6.28,96.03,0
583,B,"Los Angeles",Member,Male,Apple,Beverages,5.98,17,7.12,108.78,10
584,B,"Los Angeles",Member,Male,Notebook,Household,13.82,20,19.35,295.75,29
585,B,"Los Angeles",Normal,Male,Shampoo,Fruits,10.67,14,10.46,159.84,0
586,A,Chicago,Normal,Male,Detergent,"Personal Care",7.58,12,6.37,97.33,0
587,A,"New York",Normal,Female,Apple,"Personal Care",19.99,7,9.80,149.73,0
588,B,"Los Angeles",Normal,Male,"Orange Juice",Stationery,12.74,7,6.24,95.42,0
589,A,"New York",Member,Male,Apple,Fruits,5.61,9,3.53,54.02,5
590,B,"Los Angeles",Normal,Male,Shampoo,Fruits,2.70,1,0.19,2.89,0
591,A,Chicago,Normal,Male,Shampoo,Fruits,11.33,8,6.34,96.98,0
592,B,"Los Angeles",Normal,Male,Notebook,Beverages,18.91,14,18.53,283.27,0
593,A,Chicago,Member,Female,Apple,Household,1.38,18,1.74,26.58,2
594,B,"Los Angeles",Normal,Female,Detergent,"Personal Care",18.28,19,24.31,371.63,0
595,A,"New York",Member,Female,Apple,Stationery,1.89,10,1.32,20.22,2
596,A,"New York",Normal,Male,Notebook,Household,6.36,7,3.12,47.64,0
597,A,Chicago,Member,Female,Detergent,"Personal Care",13.96,16,15.64,239.00,23
598,B,"Los Angeles",Normal,Male,"Orange Juice","Personal Care",10.84,18,13.66,208.78,0
599,B,"Los Angeles",Normal,Female,"Orange Juice","Personal Care",9.78,1,0.68,10.46,0
600,A,Chicago,Member,Male,Apple,Stationery,3.33,11,2.56,39.19,3
601,A,Chicago,Normal,Female,Apple,"Personal Care",8.67,10,6.07,92.77,0
602,B,"Los Angeles",Member,Male,Detergent,Beverages,11.73,19,15.60,238.47,23
603,A,"New York",Normal,Male,Detergent,Household,7.96,12,6.69,102.21,0
604,A,Chicago,Normal,Male,Apple,Beverages,5.87,7,2.88,43.97,0
605,A,"New York",Normal,Female,Notebook,Fruits,4.15,1,0.29,4.44,0
606,A,Chicago,Member,Male,Shampoo,Stationery,10.22,5,3.58,54.68,5
607,B,"Los Angeles",Normal,Male,"Orange Juice",Household,17.42,3,3.66,55.92,0
608,B,"Los Angeles",Normal,Male,Apple,"Personal Care",7.44,12,6.25,95.53,0
609,A,Chicago,Member,Male,Shampoo,Household,15.53,8,8.70,132.94,13
610,A,Chicago,Normal,Female,Apple,"Personal Care",2.68,5,0.94,14.34,0
611,A,"New York",Normal,Male,Apple,Beverages,15.57,2,2.18,33.32,0
612,A,"New York",Member,Male,Detergent,Stationery,8.39,1,0.59,8.98,0
613,B,"Los Angeles",Normal,Male,Apple,Beverages,19.28,2,2.70,41.26,0
614,A,"New York",Normal,Female,"Orange Juice",Stationery,12.90,6,5.42,82.82,0
615,A,"New York",Normal,Male,"Orange Juice",Fruits,6.90,6,2.90,44.30,0
616,B,"Los Angeles",Normal,Female,Apple,Household,12.94,3,2.72,41.54,0
617,A,Chicago,Normal,Male,Notebook,Stationery,8.76,4,2.45,37.49,0
618,A,"New York",Normal,Female,Detergent,Fruits,3.64,8,2.04,31.16,0
619,A,Chicago,Member,Female,Shampoo,Household,8.39,15,8.81,134.66,13
620,B,"Los Angeles",Member,Female,Apple,Stationery,3.07,9,1.93,29.56,2
621,B,"Los Angeles",Member,Female,Notebook,Stationery,4.57,17,5.44,83.13,8
622,A,"New York",Normal,Female,Detergent,Fruits,19.77,20,27.68,423.08,0
623,B,"Los Angeles",Member,Male,"Orange Juice",Stationery,2.39,7,1.17,17.90,1
624,A,Chicago,Member,Female,Notebook,"Personal Care",17.73,19,23.58,360.45,36
625,A,"New York",Member,Male,Detergent,Beverages,11.96,3,2.51,38.39,3
626,A,"New York",Member,Male,Detergent,"Personal Care",12.34,8,6.91,105.63,10
627,A,Chicago,Normal,Female,"Orange Juice",Stationery,6.20,3,1.30,19.90,0
628,B,"Los Angeles",Normal,Male,Shampoo,Household,15.18,5,5.31,81.21,0
629,B,"Los Angeles",Normal,Male,Notebook,"Personal Care",14.15,19,18.82,287.67,0
630,B,"Los Angeles",Normal,Male,Notebook,Stationery,7.15,14,7.01,107.11,0
631,A,"New York",Normal,Female,Shampoo,Fruits,14.70,14,14.41,220.21,0
632,A,Chicago,Normal,Male,"Orange Juice",Household,20.60,17,24.51,374.71,0
633,B,"Los Angeles",Normal,Male,Shampoo,Stationery,13.71,2,1.92,29.34,0
634,A,"New York",Normal,Female,Apple,Household,17.17,1,1.20,18.37,0
635,A,"New York",Normal,Female,Detergent,Beverages,9.38,5,3.28,50.18,0
636,B,"Los Angeles",Normal,Female,Apple,Beverages,4.34,1,0.30,4.64,0
637,A,Chicago,Normal,Male,"Orange Juice","Personal Care",11.71,2,1.64,25.06,0
638,A,Chicago,Member,Male,"Orange Juice",Fruits,8.80,15,9.24,141.24,14
639,A,Chicago,Member,Male,"Orange Juice",Fruits,14.09,20,19.73,301.53,30
640,B,"Los Angeles",Normal,Male,"Orange Juice",Fruits,14.33,20,20.06,306.66,0
641,A,Chicago,Normal,Female,Notebook,Household,4.88,2,0.68,10.44,0
642,A,"New York",Normal,Female,Detergent,Fruits,17.25,6,7.25,110.75,0
643,A,Chicago,Member,Female,"Orange Juice",Stationery,5.83,1,0.41,6.24,0
644,A,"New York",Normal,Male,Shampoo,Fruits,13.20,16,14.78,225.98,0
645,A,"New York",Member,Male,Shampoo,Household,1.26,2,0.18,2.70,0
646,B,"Los Angeles",Normal,Male,Detergent,Household,19.44,14,19.05,291.21,0
647,A,Chicago,Member,Male,"Orange Juice",Beverages,3.40,14,3.33,50.93,5
648,B,"Los Angeles",Member,Male,"Orange Juice","Personal Care",6.40,18,8.06,123.26,12
649,A,Chicago,Normal,Female,Detergent,Stationery,7.80,18,9.83,150.23,0
650,A,Chicago,Normal,Male,Notebook,Beverages,2.31,9,1.46,22.25,0
651,A,Chicago,Normal,Female,Shampoo,Fruits,4.52,5,1.58,24.18,0
652,A,Chicago,Member,Female,"Orange Juice",Fruits,13.53,18,17.05,260.59,26
653,A,"New York",Normal,Male,Detergent,Beverages,19.71,16,22.08,337.44,0
654,A,Chicago,Member,Female,Detergent,Fruits,10.14,14,9.94,151.90,15
655,B,"Los Angeles",Member,Male,Shampoo,Household,11.20,4,3.14,47.94,4
656,A,Chicago,Member,Female,Apple,Household,2.01,3,0.42,6.45,0
657,A,"New York",Member,Male,Detergent,Stationery,4.14,2,0.58,8.86,0
658,A,Chicago,Normal,Female,"Orange Juice",Household,16.47,16,18.45,281.97,0
659,A,Chicago,Member,Male,"Orange Juice",Beverages,12.70,4,3.56,54.36,5
660,B,"Los Angeles",Member,Female,Notebook,Fruits,10.72,18,13.51,206.47,20
661,A,"New York",Member,Female,Shampoo,"Personal Care",15.29,3,3.21,49.08,4
662,A,"New York",Member,Male,Notebook,"Personal Care",12.50,14,12.25,187.25,18
663,B,"Los Angeles",Member,Male,"Orange Juice",Beverages,18.95,18,23.88,364.98,36
664,A,"New York",Normal,Male,Shampoo,Beverages,13.71,14,13.44,205.38,0
665,B,"Los Angeles",Normal,Male,Shampoo,Beverages,8.36,2,1.17,17.89,0
666,A,Chicago,Normal,Female,Detergent,"Personal Care",14.62,1,1.02,15.64,0
667,B,"Los Angeles",Normal,Female,Detergent,Fruits,13.93,16,15.60,238.48,0
668,A,"New York",Member,Male,Detergent,Fruits,18.00,13,16.38,250.38,25
669,A,Chicago,Member,Female,Apple,"Personal Care",14.55,4,4.07,62.27,6
670,A,"New York",Member,Female,Shampoo,Fruits,17.40,8,9.74,148.94,14
671,A,"New York",Member,Male,"Orange Juice",Stationery,2.47,4,0.69,10.57,1
672,B,"Los Angeles",Member,Male,Notebook,Stationery,7.03,16,7.87,120.35,12
673,A,Chicago,Member,Male,Shampoo,Stationery,17.59,1,1.23,18.82,1
674,A,Chicago,Member,Male,"Orange Juice",Stationery,17.60,5,6.16,94.16,9
675,B,"Los Angeles",Normal,Male,"Orange Juice","Personal Care",10.42,3,2.19,33.45,0
676,B,"Los Angeles",Normal,Male,Detergent,Stationery,10.82,9,6.82,104.20,0
677,A,"New York",Member,Male,Shampoo,Stationery,16.49,4,4.62,70.58,7
678,A,"New York",Member,Male,"Orange Juice",Fruits,4.58,7,2.24,34.30,3
679,B,"Los Angeles",Normal,Male,Apple,"Personal Care",4.52,11,3.48,53.20,0
680,A,Chicago,Member,Female,Detergent,Beverages,15.75,18,19.85,303.35,30
681,A,Chicago,Normal,Male,Detergent,Stationery,14.31,7,7.01,107.18,0
682,A,Chicago,Member,Female,Apple,Fruits,19.77,8,11.07,169.23,16
683,A,"New York",Member,Male,Detergent,Beverages,14.37,13,13.08,199.89,19
684,A,"New York",Member,Female,Shampoo,Household,13.05,14,12.79,195.49,19
685,A,"New York",Normal,Female,Apple,Fruits,3.48,3,0.73,11.17,0
686,A,Chicago,Normal,Female,Notebook,Fruits,4.33,2,0.61,9.27,0
687,A,Chicago,Member,Male,"Orange Juice",Beverages,4.09,6,1.72,26.26,2
688,A,"New York",Member,Female,Detergent,Beverages,4.58,5,1.60,24.50,2
689,A,"New York",Normal,Female,"Orange Juice",Household,2.37,3,0.50,7.61,0
690,A,"New York",Member,Female,Notebook,Stationery,4.14,15,4.35,66.45,6
691,A,"New York",Normal,Male,Shampoo,Stationery,7.73,15,8.12,124.07,0
692,B,"Los Angeles",Member,Male,Apple,Beverages,4.93,5,1.73,26.38,2
693,B,"Los Angeles",Normal,Male,Apple,Beverages,5.47,6,2.30,35.12,0
694,A,"New York",Member,Female,Detergent,Household,6.05,6,2.54,38.84,3
695,A,"New York",Normal,Female,Notebook,Stationery,6.56,11,5.05,77.21,0
696,A,Chicago,Member,Female,Detergent,Stationery,7.46,19,9.92,151.66,15
697,B,"Los Angeles",Normal,Female,Detergent,Household,19.03,14,18.65,285.07,0
698,A,Chicago,Normal,Female,Apple,Fruits,18.52,2,2.59,39.63,0
699,B,"Los Angeles",Normal,Female,"Orange Juice",Household,13.05,1,0.91,13.96,0
700,A,Chicago,Normal,Male,Shampoo,Beverages,12.81,20,17.93,274.13,0
701,A,Chicago,Normal,Female,Apple,Beverages,14.78,16,16.55,253.03,0
702,A,"New York",Member,Male,Detergent,Fruits,18.54,13,16.87,257.89,25
703,A,"New York",Normal,Female,Notebook,Beverages,15.61,19,20.76,317.35,0
704,A,"New York",Member,Male,Shampoo,Stationery,17.93,11,13.81,211.04,21
705,B,"Los Angeles",Normal,Female,Detergent,Stationery,7.60,17,9.04,138.24,0
706,A,Chicago,Member,Male,Apple,"Personal Care",19.82,10,13.87,212.07,21
707,A,Chicago,Member,Female,"Orange Juice","Personal Care",10.89,18,13.72,209.74,20
708,A,Chicago,Normal,Female,"Orange Juice",Stationery,8.75,5,3.06,46.81,0
709,B,"Los Angeles",Member,Male,Notebook,Stationery,1.42,2,0.20,3.04,0
710,A,Chicago,Normal,Male,"Orange Juice",Fruits,14.45,18,18.21,278.31,0
711,B,"Los Angeles",Member,Female,"Orange Juice","Personal Care",3.52,7,1.72,26.36,2
712,A,Chicago,Member,Male,Shampoo,Stationery,17.93,11,13.81,211.04,21
713,B,"Los Angeles",Member,Female,Shampoo,"Personal Care",6.21,3,1.30,19.93,1
714,A,"New York",Member,Male,"Orange Juice","Personal Care",13.68,3,2.87,43.91,4
715,A,Chicago,Normal,Male,"Orange Juice",Household,11.70,6,4.91,75.11,0
716,A,"New York",Member,Female,Shampoo,"Personal Care",18.27,16,20.46,312.78,31
717,A,Chicago,Member,Male,Apple,Fruits,2.47,16,2.77,42.29,4
718,A,"New York",Normal,Male,Shampoo,Fruits,2.81,20,3.93,60.13,0
719,A,Chicago,Normal,Female,"Orange Juice",Fruits,5.87,19,7.81,119.34,0
720,A,Chicago,Member,Female,Apple,Household,1.09,20,1.53,23.33,2
721,A,Chicago,Member,Female,Detergent,Stationery,20.04,15,21.04,321.64,32
722,A,"New York",Member,Female,Shampoo,Fruits,17.96,1,1.26,19.22,1
723,B,"Los Angeles",Member,Male,Shampoo,Beverages,14.97,13,13.62,208.23,20
724,A,Chicago,Member,Male,Shampoo,Stationery,15.53,12,13.05,199.41,19
725,A,"New York",Member,Female,Detergent,Household,7.83,15,8.22,125.67,12
726,B,"Los Angeles",Member,Male,Apple,Fruits,10.11,1,0.71,10.82,1
727,A,"New York",Member,Male,Apple,"Personal Care",6.00,16,6.72,102.72,10
728,A,"New York",Member,Female,Notebook,"Personal Care",9.32,20,13.05,199.45,19
729,A,Chicago,Normal,Male,Detergent,Stationery,2.93,14,2.87,43.89,0
730,A,Chicago,Member,Male,Detergent,"Personal Care",12.67,11,9.76,149.13,14
731,A,Chicago,Member,Male,Notebook,Fruits,7.74,10,5.42,82.82,8
732,A,Chicago,Normal,Female,Detergent,"Personal Care",2.40,17,2.86,43.66,0
733,B,"Los Angeles",Normal,Male,Detergent,"Personal Care",5.43,16,6.08,92.96,0
734,B,"Los Angeles",Member,Male,Notebook,Fruits,14.92,17,17.75,271.39,27
735,A,"New York",Member,Female,Detergent,Beverages,12.85,2,1.80,27.50,2
736,A,"New York",Member,Male,Shampoo,Household,16.19,9,10.20,155.91,15
737,A,"New York",Member,Female,Apple,Stationery,8.47,15,8.89,135.94,13
738,B,"Los Angeles",Member,Female,Notebook,Fruits,7.94,8,4.45,67.97,6
739,A,Chicago,Normal,Male,Notebook,"Personal Care",18.04,18,22.73,347.45,0
740,A,"New York",Normal,Female,Apple,Stationery,7.15,10,5.01,76.51,0
741,A,"New York",Member,Male,Notebook,Household,9.92,3,2.08,31.84,3
742,A,Chicago,Normal,Male,Shampoo,Fruits,9.37,9,5.90,90.23,0
743,A,Chicago,Member,Female,Notebook,"Personal Care",9.06,16,10.15,155.11,15
744,B,"Los Angeles",Normal,Male,Detergent,Beverages,16.32,1,1.14,17.46,0
745,A,Chicago,Member,Male,"Orange Juice",Stationery,20.23,14,19.83,303.05,30
746,A,Chicago,Member,Female,Shampoo,Household,9.25,14,9.07,138.57,13
747,A,"New York",Normal,Male,"Orange Juice",Household,16.84,1,1.18,18.02,0
748,B,"Los Angeles",Normal,Female,Notebook,"Personal Care",6.61,4,1.85,28.29,0
749,A,Chicago,Normal,Female,Notebook,Beverages,13.59,12,11.42,174.50,0
750,A,"New York",Member,Male,Detergent,Stationery,18.32,14,17.95,274.43,27
751,A,Chicago,Normal,Male,Apple,Household,12.14,20,17.00,259.80,0
752,A,Chicago,Member,Female,Detergent,Beverages,7.98,3,1.68,25.62,2
753,B,"Los Angeles",Member,Male,"Orange Juice","Personal Care",7.87,3,1.65,25.26,2
754,A,Chicago,Normal,Male,"Orange Juice",Household,16.89,17,20.10,307.23,0
755,A,Chicago,Member,Male,Detergent,Beverages,3.09,2,0.43,6.61,0
756,B,"Los Angeles",Member,Female,"Orange Juice",Household,2.20,20,3.08,47.08,4
757,A,Chicago,Member,Female,Apple,Stationery,2.73,10,1.91,29.21,2
758,B,"Los Angeles",Member,Male,Shampoo,Fruits,16.62,12,13.96,213.40,21
759,B,"Los Angeles",Normal,Male,"Orange Juice",Beverages,16.49,2,2.31,35.29,0
760,A,Chicago,Normal,Male,"Orange Juice","Personal Care",19.92,6,8.37,127.89,0
761,B,"Los Angeles",Normal,Female,Apple,Stationery,20.74,19,27.58,421.64,0
762,B,"Los Angeles",Member,Male,"Orange Juice",Household,13.25,6,5.57,85.07,8
763,A,"New York",Member,Female,Detergent,Fruits,10.46,18,13.18,201.46,20
764,B,"Los Angeles",Normal,Female,"Orange Juice",Fruits,2.84,18,3.58,54.70,0
765,A,"New York",Normal,Male,Detergent,"Personal Care",9.04,17,10.76,164.44,0
766,A,Chicago,Member,Female,Shampoo,"Personal Care",9.84,4,2.76,42.12,4
767,A,Chicago,Member,Male,Apple,Household,10.21,8,5.72,87.40,8
768,B,"Los Angeles",Normal,Female,"Orange Juice",Stationery,10.46,5,3.66,55.96,0
769,A,"New York",Normal,Male,Apple,"Personal Care",15.93,11,12.27,187.50,0
770,A,"New York",Normal,Female,Notebook,Beverages,10.11,14,9.91,151.45,0
771,A,Chicago,Normal,Male,Shampoo,Stationery,10.97,18,13.82,211.28,0
772,B,"Los Angeles",Member,Male,Apple,Stationery,11.40,1,0.80,12.20,1
773,A,"New York",Normal,Female,"Orange Juice",Stationery,14.63,11,11.27,172.20,0
774,A,"New York",Normal,Female,Apple,Stationery,16.48,5,5.77,88.17,0
775,A,Chicago,Normal,Female,Detergent,Beverages,1.72,15,1.81,27.61,0
776,A,Chicago,Member,Male,Shampoo,Household,17.12,15,17.98,274.78,27
777,B,"Los Angeles",Member,Female,Detergent,Stationery,8.81,4,2.47,37.71,3
778,B,"Los Angeles",Member,Male,"Orange Juice","Personal Care",3.11,4,0.87,13.31,1
779,B,"Los Angeles",Member,Female,"Orange Juice",Beverages,10.57,20,14.80,226.20,22
780,A,Chicago,Normal,Male,Shampoo,Stationery,6.64,7,3.25,49.73,0
781,A,Chicago,Normal,Male,Shampoo,Stationery,17.37,20,24.32,371.72,0
782,A,"New York",Member,Female,Detergent,Beverages,4.94,7,2.42,37.00,3
783,A,Chicago,Member,Female,Detergent,Household,4.62,3,0.97,14.83,1
784,B,"Los Angeles",Normal,Male,Notebook,Stationery,10.23,10,7.16,109.46,0
785,A,"New York",Normal,Female,Apple,Household,9.94,6,4.17,63.81,0
786,A,Chicago,Normal,Male,Shampoo,Household,5.14,17,6.12,93.50,0
787,A,Chicago,Normal,Male,Shampoo,"Personal Care",17.65,12,14.83,226.63,0
788,A,Chicago,Normal,Female,Detergent,"Personal Care",10.01,20,14.01,214.21,0
789,B,"Los Angeles",Member,Female,Notebook,Household,1.82,18,2.29,35.05,3
790,A,"New York",Normal,Female,Shampoo,"Personal Care",16.31,7,7.99,122.16,0
791,B,"Los Angeles",Member,Male,Detergent,Beverages,11.87,2,1.66,25.40,2
792,A,"New York",Normal,Male,Detergent,Beverages,2.97,10,2.08,31.78,0
793,B,"Los Angeles",Member,Male,Notebook,Household,5.86,18,7.38,112.86,11
794,A,"New York",Normal,Female,Notebook,"Personal Care",2.28,16,2.55,39.03,0
795,B,"Los Angeles",Member,Female,Apple,Beverages,5.17,2,0.72,11.06,1
796,A,Chicago,Member,Male,Shampoo,Fruits,8.75,6,3.68,56.18,5
797,A,"New York",Member,Male,"Orange Juice","Personal Care",1.87,18,2.36,36.02,3
798,A,"New York",Member,Female,"Orange Juice",Fruits,12.01,11,9.25,141.36,14
799,A,"New York",Normal,Female,Notebook,Stationery,4.05,3,0.85,13.00,0
800,A,Chicago,Member,Female,Detergent,"Personal Care",6.27,20,8.78,134.18,13
801,B,"Los Angeles",Member,Female,Apple,Beverages,9.58,14,9.39,143.51,14
802,A,Chicago,Normal,Male,Detergent,"Personal Care",6.88,4,1.93,29.45,0
803,A,Chicago,Member,Female,Shampoo,Fruits,1.10,16,1.23,18.83,1
804,A,"New York",Member,Female,Notebook,"Personal Care",4.26,7,2.09,31.91,3
805,B,"Los Angeles",Normal,Female,"Orange Juice",Beverages,11.11,19,14.78,225.87,0
806,A,Chicago,Normal,Female,"Orange Juice",Fruits,7.64,20,10.70,163.50,0
807,A,Chicago,Normal,Male,Apple,Beverages,9.78,5,3.42,52.32,0
808,A,Chicago,Normal,Male,Detergent,Stationery,8.92,4,2.50,38.18,0
809,B,"Los Angeles",Member,Female,Detergent,Beverages,3.82,4,1.07,16.35,1
810,A,"New York",Member,Female,Apple,Household,17.25,4,4.83,73.83,7
811,A,Chicago,Member,Female,Notebook,Stationery,5.52,20,7.73,118.13,11
812,B,"Los Angeles",Normal,Female,Apple,Beverages,19.05,19,25.34,387.29,0
813,B,"Los Angeles",Normal,Male,Detergent,Beverages,20.23,19,26.91,411.28,0
814,A,Chicago,Normal,Female,Apple,Beverages,6.24,10,4.37,66.77,0
815,A,Chicago,Member,Male,Apple,Household,15.98,8,8.95,136.79,13
816,B,"Los Angeles",Member,Female,Notebook,Fruits,3.05,17,3.63,55.48,5
817,A,Chicago,Member,Female,Notebook,Fruits,14.43,18,18.18,277.92,27
818,B,"Los Angeles",Normal,Male,"Orange Juice",Beverages,9.00,1,0.63,9.63,0
819,B,"Los Angeles",Member,Female,Notebook,Fruits,3.96,20,5.54,84.74,8
820,A,"New York",Member,Female,Shampoo,Stationery,12.87,7,6.31,96.40,9
821,B,"Los Angeles",Member,Female,Detergent,"Personal Care",20.21,14,19.81,302.75,30
822,A,"New York",Member,Female,Shampoo,"Personal Care",6.10,18,7.69,117.49,11
823,B,"Los Angeles",Member,Female,Detergent,Fruits,18.97,3,3.98,60.89,6
824,A,Chicago,Normal,Female,Detergent,"Personal Care",20.64,8,11.56,176.68,0
825,B,"Los Angeles",Member,Male,Shampoo,Fruits,14.76,15,15.50,236.90,23
826,B,"Los Angeles",Normal,Male,Apple,"Personal Care",16.21,15,17.02,260.17,0
827,A,Chicago,Normal,Male,"Orange Juice","Personal Care",11.91,13,10.84,165.67,0
828,A,"New York",Member,Female,Notebook,"Personal Care",10.34,4,2.90,44.26,4
829,B,"Los Angeles",Normal,Male,Notebook,Fruits,1.33,17,1.58,24.19,0
830,A,"New York",Member,Male,Apple,Fruits,12.95,14,12.69,193.99,19
831,B,"Los Angeles",Normal,Female,Notebook,"Personal Care",9.07,17,10.79,164.98,0
832,A,Chicago,Member,Female,Apple,Stationery,7.59,10,5.31,81.21,8
833,A,"New York",Member,Male,"Orange Juice","Personal Care",18.92,5,6.62,101.22,10
834,A,Chicago,Member,Male,"Orange Juice","Personal Care",20.61,12,17.31,264.63,26
835,B,"Los Angeles",Member,Female,Notebook,Household,18.97,7,9.30,142.09,14
836,A,"New York",Member,Male,Detergent,Household,17.34,18,21.85,333.97,33
837,A,Chicago,Member,Male,Shampoo,Fruits,10.78,17,12.83,196.09,19
838,A,Chicago,Normal,Female,Shampoo,Fruits,11.41,20,15.97,244.17,0
839,A,"New York",Member,Male,Shampoo,"Personal Care",14.63,19,19.46,297.43,29
840,B,"Los Angeles",Normal,Female,Shampoo,Household,20.51,1,1.44,21.95,0
841,A,Chicago,Normal,Female,Apple,Beverages,12.40,7,6.08,92.88,0
842,A,Chicago,Member,Male,Apple,"Personal Care",19.40,10,13.58,207.58,20
843,A,"New York",Member,Male,Notebook,Beverages,9.01,7,4.41,67.48,6
844,A,"New York",Normal,Male,Shampoo,Beverages,20.64,5,7.22,110.42,0
845,A,"New York",Member,Female,"Orange Juice",Fruits,1.10,10,0.77,11.77,1
846,A,Chicago,Normal,Female,Shampoo,Stationery,13.11,7,6.42,98.19,0
847,B,"Los Angeles",Member,Male,Shampoo,"Personal Care",14.26,16,15.97,244.13,24
848,A,"New York",Normal,Female,Notebook,Household,2.42,9,1.52,23.30,0
849,A,"New York",Normal,Male,"Orange Juice",Fruits,4.84,4,1.36,20.72,0
850,A,"New York",Member,Male,"Orange Juice",Beverages,1.90,11,1.46,22.36,2
851,B,"Los Angeles",Normal,Male,"Orange Juice","Personal Care",8.39,16,9.40,143.64,0
852,A,"New York",Normal,Female,"Orange Juice",Stationery,12.13,19,16.13,246.60,0
853,A,Chicago,Member,Female,Shampoo,Beverages,5.44,7,2.67,40.75,4
854,A,Chicago,Normal,Male,Detergent,Stationery,15.31,10,10.72,163.82,0
855,A,Chicago,Normal,Male,"Orange Juice",Fruits,8.72,15,9.16,139.96,0
856,A,Chicago,Member,Female,Detergent,Beverages,3.05,19,4.06,62.01,6
857,B,"Los Angeles",Normal,Male,Shampoo,Fruits,1.05,15,1.10,16.85,0
858,A,"New York",Member,Female,"Orange Juice",Stationery,6.48,7,3.18,48.54,4
859,A,Chicago,Normal,Male,Notebook,Stationery,14.80,10,10.36,158.36,0
860,A,"New York",Member,Male,Shampoo,Stationery,15.10,18,19.03,290.83,29
861,A,"New York",Member,Female,Shampoo,Household,9.34,16,10.46,159.90,15
862,B,"Los Angeles",Normal,Female,Notebook,Stationery,1.27,8,0.71,10.87,0
863,A,Chicago,Member,Male,Notebook,"Personal Care",19.44,2,2.72,41.60,4
864,A,Chicago,Member,Male,Notebook,Stationery,2.83,6,1.19,18.17,1
865,A,"New York",Normal,Female,Apple,Stationery,16.17,3,3.40,51.91,0
866,A,Chicago,Member,Female,"Orange Juice",Household,4.67,13,4.25,64.96,6
867,B,"Los Angeles",Member,Male,Detergent,Fruits,14.69,18,18.51,282.93,28
868,A,Chicago,Normal,Male,Shampoo,Beverages,5.88,13,5.35,81.79,0
869,B,"Los Angeles",Member,Female,Notebook,Household,12.10,16,13.55,207.15,20
870,A,"New York",Normal,Male,Apple,Stationery,4.14,15,4.35,66.45,0
871,A,"New York",Member,Female,Shampoo,Fruits,9.86,15,10.35,158.25,15
872,A,Chicago,Normal,Male,"Orange Juice","Personal Care",2.82,18,3.55,54.31,0
873,A,"New York",Normal,Female,Shampoo,"Personal Care",5.25,13,4.78,73.03,0
874,B,"Los Angeles",Normal,Male,"Orange Juice","Personal Care",6.42,18,8.09,123.65,0
875,A,Chicago,Member,Female,Detergent,"Personal Care",4.30,14,4.21,64.41,6
876,A,"New York",Member,Male,Shampoo,Beverages,3.13,17,3.72,56.93,5
877,B,"Los Angeles",Member,Male,Apple,Fruits,16.36,10,11.45,175.05,17
878,A,"New York",Member,Male,Apple,Stationery,11.71,11,9.02,137.83,13
879,A,Chicago,Normal,Male,Shampoo,Fruits,15.68,1,1.10,16.78,0
880,A,"New York",Normal,Female,Shampoo,"Personal Care",7.14,2,1.00,15.28,0
881,A,"New York",Member,Female,Shampoo,"Personal Care",20.98,16,23.50,359.18,35
882,B,"Los Angeles",Member,Female,Shampoo,Household,10.45,3,2.19,33.54,3
883,B,"Los Angeles",Member,Female,Apple,Stationery,8.61,19,11.45,175.04,17
884,A,"New York",Member,Female,Apple,Beverages,12.16,19,16.17,247.21,24
885,A,"New York",Normal,Male,Shampoo,"Personal Care",6.11,2,0.86,13.08,0
886,A,"New York",Normal,Female,"Orange Juice",Stationery,17.83,8,9.98,152.62,0
887,A,Chicago,Member,Female,Shampoo,"Personal Care",6.21,17,7.39,112.96,11
888,A,Chicago,Member,Female,Notebook,Fruits,10.65,19,14.16,216.51,21
889,B,"Los Angeles",Normal,Female,"Orange Juice","Personal Care",2.71,19,3.60,55.09,0
890,A,"New York",Member,Female,"Orange Juice","Personal Care",10.27,2,1.44,21.98,2
891,A,Chicago,Normal,Female,Notebook,Stationery,18.31,9,11.54,176.33,0
892,A,Chicago,Member,Male,Shampoo,Household,5.95,3,1.25,19.10,1
893,B,"Los Angeles",Normal,Female,Shampoo,Beverages,7.27,16,8.14,124.46,0
894,A,Chicago,Normal,Male,Apple,Beverages,9.82,14,9.62,147.10,0
895,A,Chicago,Member,Male,Detergent,Household,8.24,13,7.50,114.62,11
896,B,"Los Angeles",Member,Female,"Orange Juice",Household,4.54,10,3.18,48.58,4
897,A,"New York",Normal,Female,Notebook,Beverages,17.65,5,6.18,94.43,0
898,B,"Los Angeles",Normal,Female,Apple,Household,1.54,19,2.05,31.31,0
899,A,Chicago,Normal,Female,Notebook,"Personal Care",7.33,1,0.51,7.84,0
900,B,"Los Angeles",Normal,Male,"Orange Juice",Stationery,5.36,2,0.75,11.47,0
901,A,Chicago,Member,Male,Apple,Fruits,16.10,6,6.76,103.36,10
902,A,"New York",Normal,Male,Detergent,Household,13.40,17,15.95,243.75,0
903,B,"Los Angeles",Member,Male,Shampoo,"Personal Care",20.92,18,26.36,402.92,40
904,A,Chicago,Member,Female,Shampoo,Household,18.41,7,9.02,137.89,13
905,B,"Los Angeles",Member,Male,Notebook,Beverages,20.26,2,2.84,43.36,4
906,A,"New York",Normal,Male,Detergent,Fruits,20.68,14,20.27,309.79,0
907,A,Chicago,Member,Female,Shampoo,"Personal Care",16.57,17,19.72,301.41,30
908,B,"Los Angeles",Normal,Male,Detergent,Household,5.33,2,0.75,11.41,0
909,A,"New York",Member,Female,"Orange Juice",Stationery,16.32,17,19.42,296.86,29
910,B,"Los Angeles",Member,Male,Shampoo,Fruits,10.12,12,8.50,129.94,12
911,A,Chicago,Member,Male,Shampoo,Stationery,10.51,5,3.68,56.23,5
912,A,"New York",Normal,Female,Notebook,Stationery,6.32,4,1.77,27.05,0
913,A,"New York",Member,Male,Detergent,Household,12.12,9,7.64,116.72,11
914,A,"New York",Member,Female,Apple,Household,10.69,2,1.50,22.88,2
915,A,Chicago,Member,Male,Detergent,Stationery,15.85,16,17.75,271.35,27
916,A,Chicago,Normal,Male,Apple,Fruits,4.60,7,2.25,34.45,0
917,A,"New York",Normal,Female,Apple,Beverages,5.18,3,1.09,16.63,0
918,A,"New York",Member,Male,"Orange Juice",Beverages,6.64,11,5.11,78.15,7
919,A,"New York",Member,Female,Apple,Household,16.03,19,21.32,325.89,32
920,B,"Los Angeles",Normal,Female,Shampoo,Fruits,14.18,12,11.91,182.07,0
921,A,Chicago,Member,Female,Detergent,Fruits,17.99,12,15.11,230.99,23
922,A,"New York",Member,Female,Shampoo,"Personal Care",12.99,13,11.82,180.69,18
923,A,"New York",Member,Female,Apple,"Personal Care",13.91,4,3.89,59.53,5
924,A,"New York",Normal,Male,"Orange Juice",Stationery,2.23,3,0.47,7.16,0
925,B,"Los Angeles",Member,Female,Notebook,"Personal Care",19.96,4,5.59,85.43,8
926,A,"New York",Normal,Male,"Orange Juice","Personal Care",17.69,19,23.53,359.64,0
927,A,Chicago,Member,Male,Shampoo,Household,8.38,17,9.97,152.43,15
928,A,"New York",Member,Female,Detergent,Stationery,9.40,3,1.97,30.17,3
929,B,"Los Angeles",Normal,Male,Shampoo,Fruits,4.69,9,2.95,45.16,0
930,B,"Los Angeles",Member,Male,Detergent,"Personal Care",4.71,18,5.93,90.71,9
931,A,"New York",Member,Male,Detergent,Beverages,15.74,19,20.93,319.99,31
932,B,"Los Angeles",Normal,Male,Shampoo,"Personal Care",15.45,11,11.90,181.85,0
933,A,"New York",Member,Female,"Orange Juice",Beverages,18.54,11,14.28,218.22,21
934,A,"New York",Member,Female,"Orange Juice","Personal Care",3.24,3,0.68,10.40,1
935,A,Chicago,Normal,Female,Shampoo,Beverages,7.94,18,10.00,152.92,0
936,B,"Los Angeles",Member,Male,Apple,Beverages,5.92,7,2.90,44.34,4
937,A,Chicago,Member,Female,Shampoo,Fruits,5.80,18,7.31,111.71,11
938,A,"New York",Member,Female,Shampoo,"Personal Care",12.98,12,10.90,166.66,16
939,A,"New York",Normal,Male,Apple,Stationery,5.10,2,0.71,10.91,0
940,A,"New York",Member,Female,Notebook,Household,19.02,6,7.99,122.11,12
941,A,Chicago,Member,Female,"Orange Juice",Stationery,8.95,7,4.39,67.04,6
942,A,"New York",Normal,Female,Shampoo,"Personal Care",10.92,18,13.76,210.32,0
943,A,"New York",Member,Male,Apple,Household,10.77,4,3.02,46.10,4
944,B,"Los Angeles",Normal,Female,"Orange Juice",Fruits,3.14,19,4.18,63.84,0
945,B,"Los Angeles",Member,Female,"Orange Juice","Personal Care",13.01,16,14.57,222.73,22
946,A,Chicago,Normal,Male,Notebook,"Personal Care",7.43,8,4.16,63.60,0
947,A,Chicago,Normal,Male,Notebook,"Personal Care",13.70,20,19.18,293.18,0
948,A,"New York",Normal,Male,"Orange Juice",Beverages,15.49,16,17.35,265.19,0
949,B,"Los Angeles",Member,Female,Shampoo,Beverages,19.42,2,2.72,41.56,4
950,A,Chicago,Normal,Male,Shampoo,"Personal Care",10.56,18,13.31,203.39,0
951,A,Chicago,Member,Male,Shampoo,Household,20.11,14,19.71,301.25,30
952,A,Chicago,Normal,Male,"Orange Juice",Fruits,19.88,1,1.39,21.27,0
953,A,Chicago,Normal,Male,Notebook,Household,4.72,20,6.61,101.01,0
954,A,Chicago,Member,Male,Apple,Beverages,13.18,13,11.99,183.33,18
955,A,Chicago,Member,Male,"Orange Juice",Household,20.81,17,24.76,378.53,37
956,A,Chicago,Member,Female,"Orange Juice","Personal Care",17.18,19,22.85,349.27,34
957,A,Chicago,Member,Male,Shampoo,"Personal Care",20.12,14,19.72,301.40,30
958,A,"New York",Member,Female,Notebook,Household,20.28,20,28.39,433.99,43
959,A,Chicago,Normal,Male,Detergent,Household,1.91,5,0.67,10.22,0
960,A,Chicago,Member,Female,Apple,"Personal Care",8.78,8,4.92,75.16,7
961,A,Chicago,Member,Male,Notebook,Stationery,10.37,9,6.53,99.86,9
962,A,Chicago,Normal,Male,Apple,Stationery,12.94,3,2.72,41.54,0
963,B,"Los Angeles",Normal,Male,Apple,"Personal Care",17.01,15,17.86,273.01,0
964,A,"New York",Normal,Female,Detergent,Beverages,16.15,7,7.91,120.96,0
965,B,"Los Angeles",Normal,Female,Detergent,Fruits,9.14,12,7.68,117.36,0
966,A,Chicago,Member,Female,Notebook,Fruits,5.99,20,8.39,128.19,12
967,B,"Los Angeles",Member,Male,Notebook,Beverages,3.31,20,4.63,70.83,7
968,A,"New York",Normal,Male,Detergent,Stationery,14.02,2,1.96,30.00,0
969,A,"New York",Normal,Male,Apple,Household,7.63,11,5.88,89.81,0
970,A,"New York",Normal,Male,Notebook,Stationery,18.70,6,7.85,120.05,0
971,A,Chicago,Normal,Male,Shampoo,Beverages,7.12,19,9.47,144.75,0
972,A,"New York",Normal,Female,Shampoo,"Personal Care",13.28,2,1.86,28.42,0
973,A,"New York",Member,Female,Detergent,Household,6.22,10,4.35,66.55,6
974,A,"New York",Normal,Female,Notebook,Household,6.41,8,3.59,54.87,0
975,A,"New York",Member,Male,Detergent,"Personal Care",10.01,2,1.40,21.42,2
976,A,"New York",Member,Male,Shampoo,Household,7.51,11,5.78,88.39,8
977,A,Chicago,Member,Female,Apple,"Personal Care",15.18,7,7.44,113.70,11
978,B,"Los Angeles",Member,Male,Notebook,Fruits,2.04,10,1.43,21.83,2
979,A,Chicago,Member,Female,"Orange Juice",Fruits,18.34,13,16.69,255.11,25
980,B,"Los Angeles",Normal,Male,"Orange Juice",Beverages,1.09,8,0.61,9.33,0
981,A,"New York",Member,Male,Shampoo,Fruits,17.56,16,19.67,300.63,30
982,A,Chicago,Member,Male,Apple,Stationery,1.23,1,0.09,1.32,0
983,A,Chicago,Normal,Female,Apple,"Personal Care",8.02,9,5.05,77.23,0
984,B,"Los Angeles",Member,Female,"Orange Juice",Fruits,11.14,2,1.56,23.84,2
985,A,Chicago,Member,Male,Shampoo,Household,20.96,2,2.93,44.85,4
986,A,"New York",Member,Male,"Orange Juice","Personal Care",6.85,19,9.11,139.26,13
987,A,"New York",Normal,Male,Apple,Fruits,2.31,19,3.07,46.96,0
988,A,"New York",Member,Female,Apple,Stationery,11.35,9,7.15,109.30,10
989,B,"Los Angeles",Member,Female,Shampoo,Beverages,10.49,9,6.61,101.02,10
990,A,Chicago,Member,Female,Notebook,Stationery,5.67,10,3.97,60.67,6
991,A,Chicago,Normal,Female,Detergent,Stationery,8.18,1,0.57,8.75,0
992,A,"New York",Normal,Male,Notebook,Household,11.33,9,7.14,109.11,0
993,A,"New York",Normal,Female,Apple,Stationery,4.59,19,6.10,93.31,0
994,A,"New York",Normal,Female,"Orange Juice","Personal Care",5.16,13,4.70,71.78,0
995,A,"New York",Member,Male,Notebook,"Personal Care",6.60,5,2.31,35.31,3
996,A,"New York",Member,Female,Shampoo,Stationery,1.55,11,1.19,18.24,1
997,A,"New York",Member,Male,Detergent,"Personal Care",2.44,7,1.20,18.28,1
998,A,"New York",Member,Female,Shampoo,Stationery,17.92,2,2.51,38.35,3
999,A,"New York",Member,Female,Shampoo,Beverages,17.41,4,4.87,74.51,7
1000,A,"New York",Normal,Male,"Orange Juice",Stationery,4.11,4,1.15,17.59,0
